file,bpm,rms,max,min,mean
dnb_loops\loop_00000.wav,174,0.31949191571405533,0.8421000242233276,-1.0,-0.003191429489108163
dnb_loops\loop_00001.wav,174,0.3186462190162383,1.0,-0.9307041168212891,0.0012400389626410098
dnb_loops\loop_00002.wav,174,0.3814754691753223,1.0,-0.9764441847801208,0.0007336281767520206
dnb_loops\loop_00003.wav,174,0.36599462659314097,0.9769725203514099,-1.0,0.0016039776266237257
dnb_loops\loop_00004.wav,174,0.38299845451661435,0.9653716087341309,-1.0,0.001360101438432354
dnb_loops\loop_00005.wav,174,0.3616730058503169,1.0,-0.918602705001831,0.0005788356343357722
dnb_loops\loop_00006.wav,174,0.2288755555916831,0.8241289258003235,-1.0,0.00022899838429685332
dnb_loops\loop_00007.wav,174,0.3212076482499945,1.0,-0.8690582513809204,0.003276381148957675
dnb_loops\loop_00008.wav,174,0.37155816808972447,0.9536189436912537,-1.0,0.0011977403616265597
dnb_loops\loop_00009.wav,174,0.3841102105771908,0.9096222519874573,-1.0,-0.0009070300491391863
dnb_loops\loop_00010.wav,174,0.3395900282366548,0.9723533391952515,-1.0,0.00443882798066436
dnb_loops\loop_00011.wav,174,0.32228971260199607,1.0,-0.9042807817459106,0.0007780094078176897
dnb_loops\loop_00012.wav,174,0.2933991343378276,0.9711508750915527,-1.0,0.0018930313317744648
dnb_loops\loop_00013.wav,174,0.40867503222697976,0.998695433139801,-1.0,0.001360333866926481
dnb_loops\loop_00014.wav,174,0.30304076659625523,1.0,-0.9043676257133484,0.00135696274181193
dnb_loops\loop_00015.wav,174,0.2427119586026399,1.0,-0.8946459889411926,0.005453537803202432
dnb_loops\loop_00016.wav,174,0.2560046415090666,0.7865557670593262,-1.0,0.0012238693214267956
dnb_loops\loop_00017.wav,174,0.3338721796079158,0.8685731887817383,-1.0,-0.002148862576152347
dnb_loops\loop_00018.wav,174,0.26243585964908267,1.0,-0.947698175907135,0.00347219996532758
dnb_loops\loop_00019.wav,174,0.4092567317630446,0.9398537278175354,-1.0,-0.0021679529020244663
dnb_loops\loop_00020.wav,174,0.3220093968615371,1.0,-0.896992027759552,0.002113436971474517
dnb_loops\loop_00021.wav,174,0.23477937086499862,0.8497532606124878,-1.0,-0.001495502952003296
dnb_loops\loop_00022.wav,174,0.36262948124426,0.9089993238449097,-1.0,0.00157259885125754
dnb_loops\loop_00023.wav,174,0.3955495772492714,0.9954224228858948,-1.0,-0.0014700506228833765
dnb_loops\loop_00024.wav,174,0.253023843885503,1.0,-0.9961339831352234,0.0004497104569105187
dnb_loops\loop_00025.wav,174,0.2986271962416481,0.9570035338401794,-1.0,-0.0010332297567599476
dnb_loops\loop_00026.wav,174,0.33472184396336063,0.9477157592773438,-1.0,-0.001352593166882983
dnb_loops\loop_00027.wav,174,0.3196866103802082,1.0,-0.9922193288803101,-0.0021455163633508903
dnb_loops\loop_00028.wav,174,0.29673713203870455,1.0,-0.9683614373207092,0.0029102178629820626
dnb_loops\loop_00029.wav,174,0.32178888530896715,1.0,-0.8914565443992615,0.0012175194202731895
dnb_loops\loop_00030.wav,174,0.33317001739947594,0.9172584414482117,-1.0,-0.00043060992223656103
dnb_loops\loop_00031.wav,174,0.3277119046002804,0.9185420274734497,-1.0,-0.00020306684391534829
dnb_loops\loop_00032.wav,174,0.38481579299546276,0.9922167062759399,-1.0,0.0014212483707898328
dnb_loops\loop_00033.wav,174,0.23041364882720794,0.9801489114761353,-1.0,0.000884556862422715
dnb_loops\loop_00034.wav,174,0.2588153426048452,0.9179902672767639,-1.0,0.0015012849314261084
dnb_loops\loop_00035.wav,174,0.38760427940859704,0.9185101985931396,-1.0,-0.0013344157079979426
dnb_loops\loop_00036.wav,174,0.31137499014370623,0.9375436305999756,-1.0,0.0021496772061475027
dnb_loops\loop_00037.wav,174,0.38102270841504543,0.9870327115058899,-1.0,9.997326441808531e-05
dnb_loops\loop_00038.wav,174,0.2550063136721132,0.7898967266082764,-1.0,-0.0011951209477953045
dnb_loops\loop_00039.wav,174,0.348618526922746,0.9090518951416016,-1.0,0.0024672882916356065
dnb_loops\loop_00040.wav,174,0.37877635897695966,0.9634583592414856,-1.0,-0.00045231921409335304
dnb_loops\loop_00041.wav,174,0.27863111512704597,0.8405933380126953,-1.0,-0.0013845316917887034
dnb_loops\loop_00042.wav,174,0.23203998540436113,1.0,-0.8134949207305908,0.003387122392948661
dnb_loops\loop_00043.wav,174,0.25181978424294404,1.0,-0.8616141676902771,0.0021934207444712552
dnb_loops\loop_00044.wav,174,0.341240655115979,0.9439776539802551,-1.0,0.0008328326251175862
dnb_loops\loop_00045.wav,174,0.3241051274657298,0.8650022149085999,-1.0,0.0014712525312108719
dnb_loops\loop_00046.wav,174,0.2728060398138555,1.0,-0.910476565361023,0.000940537414519727
dnb_loops\loop_00047.wav,174,0.30489843517988025,1.0,-0.8751565217971802,0.0017866687968072972
dnb_loops\loop_00048.wav,174,0.3365978824104922,0.8333225846290588,-1.0,-0.0033141460374097485
dnb_loops\loop_00049.wav,174,0.2606378989391375,0.9629397988319397,-1.0,-0.002300011190743886
dnb_loops\loop_00050.wav,174,0.34674663667530436,1.0,-0.9637699723243713,0.002215856733138719
dnb_loops\loop_00051.wav,174,0.37396629335378745,0.9226740598678589,-1.0,-0.0011085729407114065
dnb_loops\loop_00052.wav,174,0.35366727482544413,1.0,-0.9266005158424377,0.0005990217123660408
dnb_loops\loop_00053.wav,174,0.36105059816668006,0.9227268695831299,-1.0,0.00024991984234100275
dnb_loops\loop_00054.wav,174,0.3838259579408855,0.9897738695144653,-1.0,-0.003049094229381613
dnb_loops\loop_00055.wav,174,0.22069587342635372,0.960258424282074,-1.0,0.0012374855440777186
dnb_loops\loop_00056.wav,174,0.3475609747362661,1.0,-0.8676280379295349,0.003297983568671884
dnb_loops\loop_00057.wav,174,0.2156397639435137,0.7528408169746399,-1.0,-0.00027528131472118054
dnb_loops\loop_00058.wav,174,0.28331789515558453,0.8816260099411011,-1.0,0.0026903373939516123
dnb_loops\loop_00059.wav,174,0.33044995703536256,0.9916433691978455,-1.0,-0.000297209167952593
dnb_loops\loop_00060.wav,174,0.3195710172903325,0.9703730344772339,-1.0,-0.0001374012360100611
dnb_loops\loop_00061.wav,174,0.35333310826488723,0.8965119123458862,-1.0,0.001182057638635549
dnb_loops\loop_00062.wav,174,0.35490327453998277,0.8899384140968323,-1.0,-2.3021477362025805e-06
dnb_loops\loop_00063.wav,174,0.35434507367703166,0.9984920024871826,-1.0,-0.0005820786305666493
dnb_loops\loop_00064.wav,174,0.36170493808266,0.9483684301376343,-1.0,-0.0003625215049926107
dnb_loops\loop_00065.wav,174,0.36998721024299897,0.9340759515762329,-1.0,-0.0009519352654749654
dnb_loops\loop_00066.wav,174,0.38364586229774505,0.9216472506523132,-1.0,-0.0025938406270155697
dnb_loops\loop_00067.wav,174,0.2688616233145401,0.8433205485343933,-1.0,0.0026959899889140945
dnb_loops\loop_00068.wav,174,0.2561953903168213,0.8407348990440369,-1.0,0.0026827529926451077
dnb_loops\loop_00069.wav,174,0.34579578301316416,0.8587679862976074,-1.0,-0.0017719155735387816
dnb_loops\loop_00070.wav,174,0.3738333442744766,0.9282705187797546,-1.0,-0.0034747258167917624
dnb_loops\loop_00071.wav,174,0.24816950954352227,0.9069271087646484,-1.0,0.0031623140790101984
dnb_loops\loop_00072.wav,174,0.34058451862682393,0.8564841151237488,-1.0,-0.0011639615556115787
dnb_loops\loop_00073.wav,174,0.3403427908269471,1.0,-0.9971441626548767,0.0037810263795549823
dnb_loops\loop_00074.wav,174,0.2890140942078735,1.0,-0.9765838384628296,-0.0033959885364838976
dnb_loops\loop_00075.wav,174,0.3440594522649952,1.0,-0.9237593412399292,0.00040470727568930675
dnb_loops\loop_00076.wav,174,0.23555527070587612,1.0,-0.9271279573440552,0.0013713711856657654
dnb_loops\loop_00077.wav,174,0.29164743163296614,0.9164602160453796,-1.0,-0.00027956372360433995
dnb_loops\loop_00078.wav,174,0.25534079982773006,0.8703514337539673,-1.0,0.0007042431912664778
dnb_loops\loop_00079.wav,174,0.27033625960216456,1.0,-0.8815930485725403,0.0012853712116973645
dnb_loops\loop_00080.wav,174,0.4057274277788603,1.0,-0.9941326975822449,-0.0011901037552668975
dnb_loops\loop_00081.wav,174,0.24582332427404469,0.9573845267295837,-1.0,-0.0012273119614074003
dnb_loops\loop_00082.wav,174,0.31767935388314206,0.936699390411377,-1.0,-0.00022746181699493287
dnb_loops\loop_00083.wav,174,0.31374360979451915,0.8509376645088196,-1.0,-0.0030416904820421485
dnb_loops\loop_00084.wav,174,0.21099253812845245,0.8475359678268433,-1.0,-0.0014877797424615318
dnb_loops\loop_00085.wav,174,0.3789868119883174,0.9214091897010803,-1.0,0.0011693241455955732
dnb_loops\loop_00086.wav,174,0.3581787277728807,0.8974169492721558,-1.0,-0.0014679851240408266
dnb_loops\loop_00087.wav,174,0.22880304686579997,0.9066393375396729,-1.0,0.0012209790868909676
dnb_loops\loop_00088.wav,174,0.36615205202231504,1.0,-0.9111343622207642,0.00044115945471166805
dnb_loops\loop_00089.wav,174,0.27981034345643147,0.9221367835998535,-1.0,0.002081575747713427
dnb_loops\loop_00090.wav,174,0.30999949346125405,0.9037440419197083,-1.0,-0.002291443232994731
dnb_loops\loop_00091.wav,174,0.3851580493696022,0.9388008713722229,-1.0,0.00018645028872863183
dnb_loops\loop_00092.wav,174,0.2810088352254147,0.8433277010917664,-1.0,0.001549171231933227
dnb_loops\loop_00093.wav,174,0.36085515557026066,0.9598680138587952,-1.0,-0.0004381713704554484
dnb_loops\loop_00094.wav,174,0.3362257216174868,0.8730603456497192,-1.0,-0.0018412830343123563
dnb_loops\loop_00095.wav,174,0.36468666632520946,0.9314960837364197,-1.0,-0.0016766406379637377
dnb_loops\loop_00096.wav,174,0.3613283145557047,1.0,-0.9515990614891052,0.0010635323149088274
dnb_loops\loop_00097.wav,174,0.3915630426286202,0.9981154203414917,-1.0,-0.001993954878770759
dnb_loops\loop_00098.wav,174,0.3227768597896788,0.9855886697769165,-1.0,0.00043205389043867457
dnb_loops\loop_00099.wav,174,0.2681889438220541,1.0,-0.8912333846092224,0.0007908668821427192
dnb_loops\loop_00100.wav,174,0.3184469929370172,0.9897865653038025,-1.0,-0.004915802265575855
dnb_loops\loop_00101.wav,174,0.31383180282628537,0.8192315697669983,-1.0,0.0004688749304510046
dnb_loops\loop_00102.wav,174,0.23495607136135346,1.0,-0.9807819128036499,0.0008741442898999288
dnb_loops\loop_00103.wav,174,0.2815322731810878,1.0,-0.9927476048469543,0.0023435610936538924
dnb_loops\loop_00104.wav,174,0.296164769399459,0.9950881004333496,-1.0,0.000601037050806432
dnb_loops\loop_00105.wav,174,0.35618334773603816,0.9080752730369568,-1.0,-0.0002515899215872351
dnb_loops\loop_00106.wav,174,0.2791223102946776,1.0,-0.9273831844329834,0.002291296145276824
dnb_loops\loop_00107.wav,174,0.2478193454488335,1.0,-0.8568231463432312,0.0023134437589405724
dnb_loops\loop_00108.wav,174,0.3111417195251849,0.8855425119400024,-1.0,-0.0011224124457181277
dnb_loops\loop_00109.wav,174,0.3142338051851752,1.0,-0.9629619717597961,0.0013264059394166713
dnb_loops\loop_00110.wav,174,0.3859055682768281,1.0,-0.9634640216827393,-0.0014094554700623358
dnb_loops\loop_00111.wav,174,0.3763282894298302,0.959015429019928,-1.0,-0.0017924943454195271
dnb_loops\loop_00112.wav,174,0.23326543898001695,0.9173845648765564,-1.0,-0.0008949736587729887
dnb_loops\loop_00113.wav,174,0.3810195135099457,0.9782848954200745,-1.0,0.0002910178187560782
dnb_loops\loop_00114.wav,174,0.3463539834848702,0.8772485852241516,-1.0,-0.0009720632493757865
dnb_loops\loop_00115.wav,174,0.35273444532283404,0.8917813897132874,-1.0,-0.0015882091663580744
dnb_loops\loop_00116.wav,174,0.2599801759057397,0.8340385556221008,-1.0,0.002386929283608951
dnb_loops\loop_00117.wav,174,0.26282784693233596,1.0,-0.8948983550071716,0.0043966129504413275
dnb_loops\loop_00118.wav,174,0.30729854809446155,0.9728933572769165,-1.0,-0.001000871296463876
dnb_loops\loop_00119.wav,174,0.293111157668887,0.9024389982223511,-1.0,0.00279805857172052
dnb_loops\loop_00120.wav,174,0.3332461574407202,0.8888744115829468,-1.0,-0.0029747043468532834
dnb_loops\loop_00121.wav,174,0.2413259777745871,0.8551336526870728,-1.0,-0.0025273104659061176
dnb_loops\loop_00122.wav,174,0.23319791360662373,0.828488290309906,-1.0,-0.0004681977810223709
dnb_loops\loop_00123.wav,174,0.2645918737073252,0.9184786081314087,-1.0,0.0001937003069568905
dnb_loops\loop_00124.wav,174,0.30868544164966366,0.7572757601737976,-1.0,0.0014159109247971191
dnb_loops\loop_00125.wav,174,0.3521053964214679,1.0,-0.8945098519325256,0.0019055772666226778
dnb_loops\loop_00126.wav,174,0.3702062018891348,1.0,-0.8299638032913208,0.0006002546801610043
dnb_loops\loop_00127.wav,174,0.3454910474220215,1.0,-0.9086519479751587,0.0017925862834584079
dnb_loops\loop_00128.wav,174,0.2882313288446789,0.9776335954666138,-1.0,0.002254470885467796
dnb_loops\loop_00129.wav,174,0.34867160757508403,0.9873186945915222,-1.0,-0.00016101960265474318
dnb_loops\loop_00130.wav,174,0.37166438921711475,1.0,-0.9938784241676331,-0.0015842854372497925
dnb_loops\loop_00131.wav,174,0.36241719538877776,0.9555182456970215,-1.0,-0.001123662179852057
dnb_loops\loop_00132.wav,174,0.2767658615695218,1.0,-0.962712824344635,0.0024050448598059277
dnb_loops\loop_00133.wav,174,0.37518783880522877,1.0,-0.9808675646781921,0.00030412701465581433
dnb_loops\loop_00134.wav,174,0.2818907156655706,0.9704630374908447,-1.0,0.0015395353148644915
dnb_loops\loop_00135.wav,174,0.2958795890246485,0.8740830421447754,-1.0,-0.004588112986448614
dnb_loops\loop_00136.wav,174,0.3846691792854714,0.9751046895980835,-1.0,9.815872460356844e-05
dnb_loops\loop_00137.wav,174,0.3180909195301538,1.0,-0.964826226234436,-0.002234751132978429
dnb_loops\loop_00138.wav,174,0.36837711843761817,0.9164320230484009,-1.0,-0.0014602726926417843
dnb_loops\loop_00139.wav,174,0.2809201653411262,0.9273268580436707,-1.0,-0.0026605949926352896
dnb_loops\loop_00140.wav,174,0.26697974447066963,1.0,-0.8664460182189941,0.0016020305373807445
dnb_loops\loop_00141.wav,174,0.29891983981538495,1.0,-0.8922280669212341,0.001038750773354695
dnb_loops\loop_00142.wav,174,0.3658496270361274,1.0,-0.9507205486297607,0.00033409045688506987
dnb_loops\loop_00143.wav,174,0.2651560862409399,1.0,-0.8445919156074524,0.0009281134727028541
dnb_loops\loop_00144.wav,174,0.21120013506687088,0.7499776482582092,-1.0,0.001998212285250094
dnb_loops\loop_00145.wav,174,0.3560786400033642,0.9625241756439209,-1.0,-0.0018413568554702911
dnb_loops\loop_00146.wav,174,0.2714894993024342,0.8651077747344971,-1.0,0.0004819838468917853
dnb_loops\loop_00147.wav,174,0.3755463175460439,0.9351581335067749,-1.0,-0.00037261780218887045
dnb_loops\loop_00148.wav,174,0.3199034886706127,1.0,-0.9020221829414368,0.0015212363443531092
dnb_loops\loop_00149.wav,174,0.25702051229507283,0.8487008213996887,-1.0,0.0011502911820458282
dnb_loops\loop_00150.wav,174,0.33287474424649743,1.0,-0.9702495336532593,0.0041610951339191874
dnb_loops\loop_00151.wav,174,0.3740280011438649,1.0,-0.9580281376838684,-0.0002818757033263387
dnb_loops\loop_00152.wav,174,0.3121207182982669,0.8703199625015259,-1.0,-0.0022177313524623927
dnb_loops\loop_00153.wav,174,0.3328097674512932,0.986954927444458,-1.0,-0.0018397469051303396
dnb_loops\loop_00154.wav,174,0.2867072896699654,0.9353159666061401,-1.0,-0.002597240324461061
dnb_loops\loop_00155.wav,174,0.3189348417451915,0.9211847186088562,-1.0,0.0036437743595936945
dnb_loops\loop_00156.wav,174,0.34529358679516237,0.8975952863693237,-1.0,0.0004325951464312276
dnb_loops\loop_00157.wav,174,0.2769070463173871,0.859074056148529,-1.0,-0.0027972075119004043
dnb_loops\loop_00158.wav,174,0.38791906193714804,0.9932293891906738,-1.0,0.0016661293504146048
dnb_loops\loop_00159.wav,174,0.28972410428382805,1.0,-0.9771258234977722,0.0042797112214434194
dnb_loops\loop_00160.wav,174,0.3445392195547139,0.9159129858016968,-1.0,-0.0004948138075180049
dnb_loops\loop_00161.wav,174,0.2732157995278066,1.0,-0.9920272827148438,-0.00036673049641839587
dnb_loops\loop_00162.wav,174,0.26563530516650735,0.8792263865470886,-1.0,-0.0013188456058698856
dnb_loops\loop_00163.wav,174,0.38399986248934304,1.0,-0.8809224963188171,-0.0002678790973901536
dnb_loops\loop_00164.wav,174,0.28019244225635914,1.0,-0.9256032705307007,-0.0020669696213031935
dnb_loops\loop_00165.wav,174,0.29989504847330234,1.0,-0.9110722541809082,-0.0005424105855818485
dnb_loops\loop_00166.wav,174,0.3546917288189969,0.8851761817932129,-1.0,0.002177546815383281
dnb_loops\loop_00167.wav,174,0.3586103502574924,0.9773910641670227,-1.0,0.0006407498578800967
dnb_loops\loop_00168.wav,174,0.3650772151544905,0.9859268665313721,-1.0,-0.0022342415216187006
dnb_loops\loop_00169.wav,174,0.24110819001679468,1.0,-0.8468484282493591,0.0027929469442093736
dnb_loops\loop_00170.wav,174,0.37828941541958805,0.9734702706336975,-1.0,-0.0020974092250060977
dnb_loops\loop_00171.wav,174,0.36707763130359417,0.9015092253684998,-1.0,-0.0016462324481218526
dnb_loops\loop_00172.wav,174,0.2845082547362636,1.0,-0.9960420727729797,0.00041017859851559096
dnb_loops\loop_00173.wav,174,0.40434520480561903,0.9820566177368164,-1.0,0.002030121194469493
dnb_loops\loop_00174.wav,174,0.38216267831286843,0.9317781329154968,-1.0,-0.0017698566062836762
dnb_loops\loop_00175.wav,174,0.30152601385317795,1.0,-0.9915788173675537,0.0008110467313565475
dnb_loops\loop_00176.wav,174,0.3592117919204392,0.968878984451294,-1.0,-0.0024055636868918887
dnb_loops\loop_00177.wav,174,0.28470769540574775,0.9462355375289917,-1.0,0.0030798018311015618
dnb_loops\loop_00178.wav,174,0.35804927384026264,0.9480918049812317,-1.0,-0.002380075562535824
dnb_loops\loop_00179.wav,174,0.2568474699349294,0.9035689234733582,-1.0,0.0038556899166089765
dnb_loops\loop_00180.wav,174,0.40444997242297503,0.9953626394271851,-1.0,-0.0006211800182901075
dnb_loops\loop_00181.wav,174,0.3429323037526599,1.0,-0.9782464504241943,0.0003234246987788492
dnb_loops\loop_00182.wav,174,0.2551363265725406,1.0,-0.866065263748169,0.001177436510165134
dnb_loops\loop_00183.wav,174,0.40506455006401376,1.0,-0.9949841499328613,-0.00044545186819980185
dnb_loops\loop_00184.wav,174,0.3449132277245234,1.0,-0.9676719903945923,0.0024283218719069214
dnb_loops\loop_00185.wav,174,0.2597617305192873,0.8500143885612488,-1.0,-0.002920964014753977
dnb_loops\loop_00186.wav,174,0.34585204667163216,0.9987342357635498,-1.0,-0.0017689487920176873
dnb_loops\loop_00187.wav,174,0.3571022547877346,1.0,-0.8688672780990601,0.0010229841703207538
dnb_loops\loop_00188.wav,174,0.2518845987979426,0.9073356986045837,-1.0,0.0018013940581954005
dnb_loops\loop_00189.wav,174,0.3823290750578005,0.9877671599388123,-1.0,0.0012582759368390752
dnb_loops\loop_00190.wav,174,0.25854142140675235,0.8714733123779297,-1.0,-0.0029012882727731813
dnb_loops\loop_00191.wav,174,0.2674297833372037,0.9112468361854553,-1.0,-0.0024010701328624775
dnb_loops\loop_00192.wav,174,0.3677082260685842,1.0,-0.9866275787353516,0.000776103270891851
dnb_loops\loop_00193.wav,174,0.2576960424800512,1.0,-0.9295471906661987,0.0037075217756967873
dnb_loops\loop_00194.wav,174,0.3061868936249656,1.0,-0.9595066905021667,0.0009273845961756277
dnb_loops\loop_00195.wav,174,0.30514373061891764,1.0,-0.9087267518043518,0.00139781448278966
dnb_loops\loop_00196.wav,174,0.2546227927855202,1.0,-0.8636702299118042,0.001618416209282137
dnb_loops\loop_00197.wav,174,0.3660454375699676,1.0,-0.99998939037323,0.002140394941269111
dnb_loops\loop_00198.wav,174,0.38084115493341963,0.9787470698356628,-1.0,0.001860799343064422
dnb_loops\loop_00199.wav,174,0.2637256898180482,0.9362315535545349,-1.0,-0.0007173597248477655
dnb_loops\loop_00200.wav,174,0.25526806104642386,0.873672366142273,-1.0,-0.0018503777228429615
dnb_loops\loop_00201.wav,174,0.2960682567969632,0.9687492251396179,-1.0,0.0035235929670140494
dnb_loops\loop_00202.wav,174,0.31558630704077606,0.7399864792823792,-1.0,-0.0035305454403450525
dnb_loops\loop_00203.wav,174,0.2475758227407402,0.8403779864311218,-1.0,-0.0017158800972174126
dnb_loops\loop_00204.wav,174,0.3307163669060675,1.0,-0.872419536113739,0.002681557465588603
dnb_loops\loop_00205.wav,174,0.2762712493491596,0.9088842868804932,-1.0,0.003447977404630607
dnb_loops\loop_00206.wav,174,0.357886910124762,0.9094144701957703,-1.0,0.0014584294538928992
dnb_loops\loop_00207.wav,174,0.2603192100120315,0.8660408854484558,-1.0,0.00394719690808304
dnb_loops\loop_00208.wav,174,0.2724280939910314,0.8411015868186951,-1.0,0.0006608555286525914
dnb_loops\loop_00209.wav,174,0.26893157780592675,1.0,-0.9764033555984497,0.0006537351145259423
dnb_loops\loop_00210.wav,174,0.29787987068854865,1.0,-0.9651110768318176,-0.0013536814124796418
dnb_loops\loop_00211.wav,174,0.3556858932327167,1.0,-0.9604525566101074,0.0008518830834928603
dnb_loops\loop_00212.wav,174,0.26453218301234976,0.8690059781074524,-1.0,0.00103656851426816
dnb_loops\loop_00213.wav,174,0.38991717581252366,0.9099000692367554,-1.0,-0.0004353470283002909
dnb_loops\loop_00214.wav,174,0.27917333630433305,1.0,-0.9369810223579407,-0.0022220163388211277
dnb_loops\loop_00215.wav,174,0.31720619628967334,0.8350391387939453,-1.0,-0.0018801739216918437
dnb_loops\loop_00216.wav,174,0.2834053201475401,1.0,-0.9139750003814697,0.0029847390583347877
dnb_loops\loop_00217.wav,174,0.23129446258942024,0.9509422779083252,-1.0,-0.00023293781806709978
dnb_loops\loop_00218.wav,174,0.23993828548552407,0.8456449508666992,-1.0,-0.0031684609230273717
dnb_loops\loop_00219.wav,174,0.3425562047283991,0.9098591208457947,-1.0,-0.0021117226763353145
dnb_loops\loop_00220.wav,174,0.2646542208540623,0.8680778741836548,-1.0,-0.0031854562554933267
dnb_loops\loop_00221.wav,174,0.4141045262343143,1.0,-0.9679811000823975,0.0018409140359741923
dnb_loops\loop_00222.wav,174,0.24973799235632543,0.8111973404884338,-1.0,-0.001078887506312569
dnb_loops\loop_00223.wav,174,0.3626542953603694,0.9639852643013,-1.0,0.0014924717704822836
dnb_loops\loop_00224.wav,174,0.29896076087212015,0.9819222688674927,-1.0,-0.003827081375096651
dnb_loops\loop_00225.wav,174,0.22964263003695826,1.0,-0.9128804802894592,0.004408067400271861
dnb_loops\loop_00226.wav,174,0.37406606611492177,0.8978724479675293,-1.0,-0.0005293835533343838
dnb_loops\loop_00227.wav,174,0.27765484512198285,0.9819180369377136,-1.0,-0.001312261686742187
dnb_loops\loop_00228.wav,174,0.29380130556504813,1.0,-0.9631962180137634,-0.0004408850453683912
dnb_loops\loop_00229.wav,174,0.35608631999832724,0.8319825530052185,-1.0,-0.0014077784355245077
dnb_loops\loop_00230.wav,174,0.3592304820561962,0.9544001817703247,-1.0,-0.001940605791253913
dnb_loops\loop_00231.wav,174,0.27870257464907744,1.0,-0.9967441558837891,0.002867789242322356
dnb_loops\loop_00232.wav,174,0.325444711081362,0.9791662096977234,-1.0,0.0005657014840468274
dnb_loops\loop_00233.wav,174,0.36779865363699665,1.0,-0.9626896977424622,0.0027627802307459413
dnb_loops\loop_00234.wav,174,0.2956385083003795,0.9842526316642761,-1.0,0.0003766445195233594
dnb_loops\loop_00235.wav,174,0.3791591562506244,0.9642830491065979,-1.0,-0.0002183636883716386
dnb_loops\loop_00236.wav,174,0.3866308594890716,0.9426877498626709,-1.0,-0.0015803654756351738
dnb_loops\loop_00237.wav,174,0.23349991774216705,0.8921766877174377,-1.0,0.0024421507302653674
dnb_loops\loop_00238.wav,174,0.36585884575495786,1.0,-0.9643509984016418,0.0008109270557888546
dnb_loops\loop_00239.wav,174,0.2932365823519734,1.0,-0.9430238604545593,0.0022730534135092634
dnb_loops\loop_00240.wav,174,0.31293485379733016,1.0,-0.8995678424835205,0.0024815975895806463
dnb_loops\loop_00241.wav,174,0.2531301212360944,0.8535984754562378,-1.0,0.001323974070476961
dnb_loops\loop_00242.wav,174,0.28523174932157136,0.9713249206542969,-1.0,0.0025156575373898884
dnb_loops\loop_00243.wav,174,0.2988747299855247,1.0,-0.9768903851509094,0.0028221424299382475
dnb_loops\loop_00244.wav,174,0.32545203723717075,1.0,-0.9042414426803589,0.001189079434996606
dnb_loops\loop_00245.wav,174,0.3288394452255614,1.0,-0.9700979590415955,0.000641664606685891
dnb_loops\loop_00246.wav,174,0.28524721374028467,0.9310353994369507,-1.0,-0.00101815118044439
dnb_loops\loop_00247.wav,174,0.3537828022439938,0.9126188158988953,-1.0,-0.0020429959477252374
dnb_loops\loop_00248.wav,174,0.26507466327414464,0.7849872708320618,-1.0,0.0011506908008285842
dnb_loops\loop_00249.wav,174,0.28576414885786167,1.0,-0.943943977355957,0.002990890796909148
dnb_loops\loop_00250.wav,174,0.38400931481077594,0.9224097728729248,-1.0,-0.0019861464861589237
dnb_loops\loop_00251.wav,174,0.2574030351628123,0.8739932775497437,-1.0,-0.0011218726357800873
dnb_loops\loop_00252.wav,174,0.27345223993997914,1.0,-0.8992780447006226,-0.0012655710379215813
dnb_loops\loop_00253.wav,174,0.3835339226212532,0.929658830165863,-1.0,-0.0014114982480446943
dnb_loops\loop_00254.wav,174,0.33162734061827875,0.8806856870651245,-1.0,-0.0008378341249832404
dnb_loops\loop_00255.wav,174,0.25966687772449937,0.900299072265625,-1.0,0.0023162702516448313
dnb_loops\loop_00256.wav,174,0.38052257159538916,0.9775711894035339,-1.0,-0.0017375599862836566
dnb_loops\loop_00257.wav,174,0.3869651954386373,0.8978277444839478,-1.0,-0.003453287132580951
dnb_loops\loop_00258.wav,174,0.34321705473212955,1.0,-0.9940246343612671,0.001169574974953349
dnb_loops\loop_00259.wav,174,0.2471553711837551,0.7675412893295288,-1.0,-0.0001986485300788304
dnb_loops\loop_00260.wav,174,0.3763282135461485,0.9811549186706543,-1.0,-0.0009061152943942566
dnb_loops\loop_00261.wav,174,0.37632964959069176,1.0,-0.9901154041290283,-0.0011757651203136424
dnb_loops\loop_00262.wav,174,0.27938658386647974,0.8969348073005676,-1.0,0.00017241566747436645
dnb_loops\loop_00263.wav,174,0.30656028466850543,0.8970890045166016,-1.0,-0.00043023999364813926
dnb_loops\loop_00264.wav,174,0.27289822351512155,0.9963033199310303,-1.0,-0.001117145867316489
dnb_loops\loop_00265.wav,174,0.2926728432057888,1.0,-0.927526593208313,0.00038416083580082014
dnb_loops\loop_00266.wav,174,0.2551745723439118,0.7995306253433228,-1.0,-0.0030683979135604092
dnb_loops\loop_00267.wav,174,0.38348176378029714,0.980453610420227,-1.0,0.0019171978314509587
dnb_loops\loop_00268.wav,174,0.35810653322610025,0.9721713066101074,-1.0,-0.0014516709777675013
dnb_loops\loop_00269.wav,174,0.2400855805407475,1.0,-0.9067647457122803,-8.912256180710078e-05
dnb_loops\loop_00270.wav,174,0.2690171251267257,0.9268572926521301,-1.0,-0.00014253770170035657
dnb_loops\loop_00271.wav,174,0.364484577287372,1.0,-0.9716653227806091,-0.0009715637384070041
dnb_loops\loop_00272.wav,174,0.2644007948079321,0.8757625222206116,-1.0,0.0007665193670942552
dnb_loops\loop_00273.wav,174,0.2548280652715545,0.9675873517990112,-1.0,-0.0013594149654950712
dnb_loops\loop_00274.wav,174,0.36339601672922833,0.9266922473907471,-1.0,-0.0015165626486284415
dnb_loops\loop_00275.wav,174,0.3551142065789341,0.9081558585166931,-1.0,0.0019292112767646506
dnb_loops\loop_00276.wav,174,0.35656114861852584,0.9251201748847961,-1.0,0.0005890160409415332
dnb_loops\loop_00277.wav,174,0.34304152250413783,0.8703075051307678,-1.0,-0.0027562496431735293
dnb_loops\loop_00278.wav,174,0.38577337866810374,0.9843307137489319,-1.0,3.539419603304794e-05
dnb_loops\loop_00279.wav,174,0.33200979967220173,0.9029368162155151,-1.0,-0.001418202814777852
dnb_loops\loop_00280.wav,174,0.27458061716018334,1.0,-0.9916868209838867,-0.0019205778254621246
dnb_loops\loop_00281.wav,174,0.34549085232197096,0.8753578662872314,-1.0,-0.0011370268421591165
dnb_loops\loop_00282.wav,174,0.41577352513473914,0.990686297416687,-1.0,-0.0010810900704496392
dnb_loops\loop_00283.wav,174,0.23976906040870172,0.7766858339309692,-1.0,0.0007688833441316017
dnb_loops\loop_00284.wav,174,0.38088635543226723,0.9491254687309265,-1.0,-0.0017532527049798458
dnb_loops\loop_00285.wav,174,0.38945259328262094,1.0,-0.9249720573425293,0.0011995065350318254
dnb_loops\loop_00286.wav,174,0.305204078415347,0.9428292512893677,-1.0,-0.0030777214910777504
dnb_loops\loop_00287.wav,174,0.3928650526191861,0.9858872294425964,-1.0,0.0030008428453539523
dnb_loops\loop_00288.wav,174,0.3626622745681369,0.9545058608055115,-1.0,-0.0018947492927944706
dnb_loops\loop_00289.wav,174,0.3358924309246528,0.8892538547515869,-1.0,-0.00010083308171483878
dnb_loops\loop_00290.wav,174,0.39725705596674343,0.9871237277984619,-1.0,-0.0011969893520404618
dnb_loops\loop_00291.wav,174,0.3981143966592952,1.0,-0.9652084708213806,-0.0034122933813278003
dnb_loops\loop_00292.wav,174,0.3702506488551692,1.0,-0.957470715045929,-0.0017886203087312607
dnb_loops\loop_00293.wav,174,0.22348090676866375,0.7451790571212769,-1.0,0.00015419169452475748
dnb_loops\loop_00294.wav,174,0.24949567799370004,0.8648818135261536,-1.0,-0.000399753501899935
dnb_loops\loop_00295.wav,174,0.28548797428064787,0.8970939517021179,-1.0,0.004121300083078842
dnb_loops\loop_00296.wav,174,0.38019615657878775,0.9376129508018494,-1.0,-0.00020055955739341758
dnb_loops\loop_00297.wav,174,0.39117920654257077,0.937107264995575,-1.0,0.0015780540252461903
dnb_loops\loop_00298.wav,174,0.2756666615051389,1.0,-0.9646475911140442,0.001712018889754642
dnb_loops\loop_00299.wav,174,0.388235334441186,1.0,-0.959651529788971,0.002328269706732579
dnb_loops\loop_00300.wav,174,0.3681368084559695,0.9655828475952148,-1.0,-0.0004528235188518208
dnb_loops\loop_00301.wav,174,0.32214644108234297,0.8546627759933472,-1.0,-0.001326244323003945
dnb_loops\loop_00302.wav,174,0.2870260619852583,1.0,-0.8939919471740723,0.0021169539690630203
dnb_loops\loop_00303.wav,174,0.21728327276118675,0.8039264678955078,-1.0,0.001831866490967781
dnb_loops\loop_00304.wav,174,0.3432966719507404,0.8905888795852661,-1.0,-0.002625394661254635
dnb_loops\loop_00305.wav,174,0.2580777130531248,0.9856313467025757,-1.0,0.0009206346770022678
dnb_loops\loop_00306.wav,174,0.2738359008395239,0.9074487090110779,-1.0,0.00045578334959643846
dnb_loops\loop_00307.wav,174,0.35687152958413054,0.830865204334259,-1.0,-0.0028260794073741995
dnb_loops\loop_00308.wav,174,0.36475033928616685,1.0,-0.9627833962440491,0.0007063007891050048
dnb_loops\loop_00309.wav,174,0.3732593656760545,1.0,-0.9583228826522827,0.0009023807631255408
dnb_loops\loop_00310.wav,174,0.2773956116417246,0.8955045342445374,-1.0,-0.002404196762224372
dnb_loops\loop_00311.wav,174,0.4024624844920096,1.0,-0.9378213882446289,0.0018042972053298981
dnb_loops\loop_00312.wav,174,0.3058624264916907,0.9420994520187378,-1.0,0.0006302497070720866
dnb_loops\loop_00313.wav,174,0.3033402658500358,0.95516037940979,-1.0,-0.0009618480435383114
dnb_loops\loop_00314.wav,174,0.3111758930432861,1.0,-0.915327787399292,-0.0005698518253223794
dnb_loops\loop_00315.wav,174,0.3759693555239031,1.0,-0.9999629855155945,0.00010585201773951332
dnb_loops\loop_00316.wav,174,0.3695044237350481,0.9645269513130188,-1.0,-0.0004966082329038697
dnb_loops\loop_00317.wav,174,0.37836905703239776,1.0,-0.9707841277122498,-0.0001992812117399535
dnb_loops\loop_00318.wav,174,0.28990425681021653,0.9721994996070862,-1.0,0.003131622937569148
dnb_loops\loop_00319.wav,174,0.22433960182575424,0.7250547409057617,-1.0,-0.0011565499659688776
dnb_loops\loop_00320.wav,174,0.37675117253481066,0.9839445352554321,-1.0,0.0013685754119934284
dnb_loops\loop_00321.wav,174,0.33430898243775026,1.0,-0.9043868780136108,0.001054156798535536
dnb_loops\loop_00322.wav,174,0.3802458437281168,1.0,-0.9986233711242676,-0.0004189727230067162
dnb_loops\loop_00323.wav,174,0.2942561233766494,1.0,-0.9617786407470703,0.0023218308670230167
dnb_loops\loop_00324.wav,174,0.3412129163112912,0.8482872247695923,-1.0,-0.00048279584398040526
dnb_loops\loop_00325.wav,174,0.2790326633876752,0.9102139472961426,-1.0,-0.0017466363500262998
dnb_loops\loop_00326.wav,174,0.3848239412435311,0.9940548539161682,-1.0,-0.0023966306505822377
dnb_loops\loop_00327.wav,174,0.3792926158063793,0.9721184968948364,-1.0,-0.002052651802290153
dnb_loops\loop_00328.wav,174,0.3137260785444608,1.0,-0.888724148273468,0.0015986963909703934
dnb_loops\loop_00329.wav,174,0.3870565456422529,0.9627459645271301,-1.0,-0.0005444429580576806
dnb_loops\loop_00330.wav,174,0.42425384410258743,0.9650168418884277,-1.0,0.0012401128137204606
dnb_loops\loop_00331.wav,174,0.2968282864904338,1.0,-0.9610500931739807,0.0004486947803186548
dnb_loops\loop_00332.wav,174,0.3064394515371454,0.8813491463661194,-1.0,-5.8122993363341796e-05
dnb_loops\loop_00333.wav,174,0.24047225719447674,0.8550714254379272,-1.0,-0.0004138907691549245
dnb_loops\loop_00334.wav,174,0.3841884090739132,0.937249481678009,-1.0,0.002484640300881186
dnb_loops\loop_00335.wav,174,0.3633701354874156,0.9726139307022095,-1.0,0.00042518792455437977
dnb_loops\loop_00336.wav,174,0.28212886040204016,0.8107336759567261,-1.0,-0.0025902955399582954
dnb_loops\loop_00337.wav,174,0.250257678732507,0.8940284848213196,-1.0,-0.00014957792420452643
dnb_loops\loop_00338.wav,174,0.2396220044338808,0.9597813487052917,-1.0,-0.0008499856764735393
dnb_loops\loop_00339.wav,174,0.38900470640569706,0.9984314441680908,-1.0,-0.0021979645005934197
dnb_loops\loop_00340.wav,174,0.36783802098104806,0.9212670922279358,-1.0,0.000466659055429144
dnb_loops\loop_00341.wav,174,0.3312113339760593,1.0,-0.9801944494247437,-0.001747400938801277
dnb_loops\loop_00342.wav,174,0.22498626662263876,1.0,-0.936183512210846,0.0037102090404231994
dnb_loops\loop_00343.wav,174,0.4092049490881317,0.9216198325157166,-1.0,-0.003488393902571494
dnb_loops\loop_00344.wav,174,0.23998508326206272,0.8079434633255005,-1.0,0.002100543944751487
dnb_loops\loop_00345.wav,174,0.22032205041170966,0.7375468611717224,-1.0,-0.0016415478517915816
dnb_loops\loop_00346.wav,174,0.2587105755038612,1.0,-0.9708767533302307,0.00023943743137001244
dnb_loops\loop_00347.wav,174,0.24357245140119038,0.7383901476860046,-1.0,-0.0008879885829621278
dnb_loops\loop_00348.wav,174,0.3733054788239426,0.90763920545578,-1.0,-0.00012376106108432774
dnb_loops\loop_00349.wav,174,0.28984447546714487,1.0,-0.9896034598350525,0.0019059334558425571
dnb_loops\loop_00350.wav,174,0.33221645478273015,0.7866180539131165,-1.0,-0.0006882373903691786
dnb_loops\loop_00351.wav,174,0.2336260973632665,0.7982962727546692,-1.0,0.0014625014687839027
dnb_loops\loop_00352.wav,174,0.29217763534423247,0.8562413454055786,-1.0,0.0008395508791085992
dnb_loops\loop_00353.wav,174,0.31377154575596927,1.0,-0.9854205250740051,0.005564016198325976
dnb_loops\loop_00354.wav,174,0.2671236052960948,1.0,-0.9183331727981567,0.0014944027471181698
dnb_loops\loop_00355.wav,174,0.4065936257633191,0.9591293931007385,-1.0,0.0010000307863764918
dnb_loops\loop_00356.wav,174,0.3622235388580797,0.9290193319320679,-1.0,0.0009984930428897367
dnb_loops\loop_00357.wav,174,0.2539963070224206,0.8406438231468201,-1.0,-0.0009044280963009026
dnb_loops\loop_00358.wav,174,0.3617890426932483,0.9345718622207642,-1.0,-0.0023986531093923655
dnb_loops\loop_00359.wav,174,0.2867182919938783,0.9001537561416626,-1.0,0.002225554177284323
dnb_loops\loop_00360.wav,174,0.3287659507357383,1.0,-0.9536328911781311,-0.0024923979557884145
dnb_loops\loop_00361.wav,174,0.2505304347475669,1.0,-0.8797411322593689,-0.00033830409244925435
dnb_loops\loop_00362.wav,174,0.2848641993082455,0.845162034034729,-1.0,-0.0023102153926413743
dnb_loops\loop_00363.wav,174,0.3580507136274792,0.8613739609718323,-1.0,-0.0027363635088166072
dnb_loops\loop_00364.wav,174,0.40317170791980833,0.9207436442375183,-1.0,0.003275922183825493
dnb_loops\loop_00365.wav,174,0.3382073731441891,0.9049257636070251,-1.0,0.00043428454017581413
dnb_loops\loop_00366.wav,174,0.27763394477051734,0.8730652928352356,-1.0,0.005450497718286272
dnb_loops\loop_00367.wav,174,0.3582639115076,0.8805190920829773,-1.0,-0.00029714299774424375
dnb_loops\loop_00368.wav,174,0.3383327441710378,0.8197928071022034,-1.0,-0.0031795391712055
dnb_loops\loop_00369.wav,174,0.3579187404411807,0.9575923085212708,-1.0,-0.0017120732730118572
dnb_loops\loop_00370.wav,174,0.22936474335925186,0.8275785446166992,-1.0,0.0007631146166234306
dnb_loops\loop_00371.wav,174,0.3161229392453922,0.8689660429954529,-1.0,-0.003122558147267176
dnb_loops\loop_00372.wav,174,0.23616049415826487,0.7957285046577454,-1.0,-0.002007243334345402
dnb_loops\loop_00373.wav,174,0.31756602181543836,1.0,-0.9255467057228088,0.00135926714648247
dnb_loops\loop_00374.wav,174,0.3688352146749283,0.973480224609375,-1.0,-0.0009802625912968194
dnb_loops\loop_00375.wav,174,0.31098208330246047,0.9516017436981201,-1.0,-0.0034489756927489758
dnb_loops\loop_00376.wav,174,0.29038851742044297,1.0,-0.9600364565849304,0.0036722473310388847
dnb_loops\loop_00377.wav,174,0.2682634743988907,0.9577905535697937,-1.0,0.00034140659254532356
dnb_loops\loop_00378.wav,174,0.3392936917929574,0.7913311123847961,-1.0,-0.00023377484529487374
dnb_loops\loop_00379.wav,174,0.40036793382803954,0.9496616125106812,-1.0,-0.0033480073326997077
dnb_loops\loop_00380.wav,174,0.3175913482235609,0.9637352824211121,-1.0,-0.004760092263743855
dnb_loops\loop_00381.wav,174,0.34068015874959856,0.9386288523674011,-1.0,-0.0005308735623195705
dnb_loops\loop_00382.wav,174,0.23841857547692435,0.9329044818878174,-1.0,-0.0017646794803996332
dnb_loops\loop_00383.wav,174,0.3182524199107299,0.8953073620796204,-1.0,0.0028583486441743186
dnb_loops\loop_00384.wav,174,0.41061342958813046,1.0,-0.9998947381973267,-0.002766489806336124
dnb_loops\loop_00385.wav,174,0.3279733337798029,0.9947080612182617,-1.0,0.002480863444499534
dnb_loops\loop_00386.wav,174,0.3261939650331972,0.919242262840271,-1.0,0.0007154961159831639
dnb_loops\loop_00387.wav,174,0.24845899374284286,1.0,-0.8712726831436157,0.0031121051148467207
dnb_loops\loop_00388.wav,174,0.3158376663576601,1.0,-0.9394768476486206,0.0013821440991122458
dnb_loops\loop_00389.wav,174,0.4000181595779683,0.9561597108840942,-1.0,0.0005912767956635542
dnb_loops\loop_00390.wav,174,0.292538318574419,1.0,-0.9221559166908264,0.003885346714410297
dnb_loops\loop_00391.wav,174,0.3047974082667974,0.9547247886657715,-1.0,-0.0007481556866987426
dnb_loops\loop_00392.wav,174,0.24023944368451633,0.8915265202522278,-1.0,-0.0007336335093967516
dnb_loops\loop_00393.wav,174,0.22058096371486577,0.8646880984306335,-1.0,0.0018819745692641092
dnb_loops\loop_00394.wav,174,0.28031786221086413,1.0,-0.9053904414176941,0.0028283930756590804
dnb_loops\loop_00395.wav,174,0.34178554628727165,0.9569048285484314,-1.0,0.002422901892470156
dnb_loops\loop_00396.wav,174,0.39861355069300924,0.9631231427192688,-1.0,-0.0023907801875473807
dnb_loops\loop_00397.wav,174,0.34113323215540614,1.0,-0.9330242872238159,-8.68748818750229e-05
dnb_loops\loop_00398.wav,174,0.3016121046688557,1.0,-0.8741602897644043,0.0032153240850234456
dnb_loops\loop_00399.wav,174,0.3671611395004657,0.8985303044319153,-1.0,-0.0031225089286236437
dnb_loops\loop_00400.wav,174,0.37556623314455007,1.0,-0.913245439529419,-0.0007978316204106385
dnb_loops\loop_00401.wav,174,0.33185397408360146,1.0,-0.9319132566452026,0.001493076233552476
dnb_loops\loop_00402.wav,174,0.38438633809446154,1.0,-0.9642320275306702,-0.001681033135393927
dnb_loops\loop_00403.wav,174,0.30150782185508646,0.921222984790802,-1.0,-0.0033626799899209776
dnb_loops\loop_00404.wav,174,0.29208249473183256,0.9474315047264099,-1.0,-0.0020638535965176244
dnb_loops\loop_00405.wav,174,0.29645723198075113,1.0,-0.9440256953239441,0.002058868430943079
dnb_loops\loop_00406.wav,174,0.30932694543490874,0.9323175549507141,-1.0,0.0032033880217454858
dnb_loops\loop_00407.wav,174,0.27604645121946736,0.900078535079956,-1.0,0.004001799719613665
dnb_loops\loop_00408.wav,174,0.37426043179224633,0.821295440196991,-1.0,0.0007735465883581867
dnb_loops\loop_00409.wav,174,0.2829794741844863,0.987622082233429,-1.0,0.003244665153662887
dnb_loops\loop_00410.wav,174,0.27219747791189747,0.9925863742828369,-1.0,-0.00096667186577673
dnb_loops\loop_00411.wav,174,0.3636202761718426,0.9745410680770874,-1.0,0.0011853017111141135
dnb_loops\loop_00412.wav,174,0.22951534558414965,1.0,-0.9859484434127808,0.0002579123980105024
dnb_loops\loop_00413.wav,174,0.36936363140405515,1.0,-0.9590821862220764,-0.00029504226742765687
dnb_loops\loop_00414.wav,174,0.236916963971155,0.8011903762817383,-1.0,0.00012926584582369645
dnb_loops\loop_00415.wav,174,0.2951360918737089,0.940185546875,-1.0,-0.0012486280129009846
dnb_loops\loop_00416.wav,174,0.38414236178940153,0.9727667570114136,-1.0,-0.00025225234712776095
dnb_loops\loop_00417.wav,174,0.3066345159586452,1.0,-0.9565803408622742,0.003747908696295028
dnb_loops\loop_00418.wav,174,0.3876130853280248,1.0,-0.9547616839408875,-0.0030648704698125286
dnb_loops\loop_00419.wav,174,0.4005974770918654,1.0,-0.8458734750747681,0.0027167458598406865
dnb_loops\loop_00420.wav,174,0.3996979493782627,0.9894468784332275,-1.0,-0.0021556076184667417
dnb_loops\loop_00421.wav,174,0.38692257418216874,1.0,-0.9949469566345215,-0.0004627514973415933
dnb_loops\loop_00422.wav,174,0.3479849432724379,0.971092939376831,-1.0,0.00014413688962657873
dnb_loops\loop_00423.wav,174,0.26086339834381217,0.905933678150177,-1.0,0.00045060631801694534
dnb_loops\loop_00424.wav,174,0.3742888124416729,0.9918306469917297,-1.0,-0.001574207609284699
dnb_loops\loop_00425.wav,174,0.37303134384487824,1.0,-0.994326114654541,-0.0035586708535615377
dnb_loops\loop_00426.wav,174,0.2755928527866801,0.9875682592391968,-1.0,0.00214169936767556
dnb_loops\loop_00427.wav,174,0.3781239228590334,0.9303288459777832,-1.0,0.0006509123459996619
dnb_loops\loop_00428.wav,174,0.3421107739472043,0.8915935158729553,-1.0,0.00046829238698746793
dnb_loops\loop_00429.wav,174,0.28797004283965544,1.0,-0.8175636529922485,0.0023900117833147777
dnb_loops\loop_00430.wav,174,0.39656188938358855,0.9256958961486816,-1.0,-0.0016577332032286433
dnb_loops\loop_00431.wav,174,0.29257940146815714,0.9567757248878479,-1.0,0.0014456755701543382
dnb_loops\loop_00432.wav,174,0.23448869735406147,0.8144627809524536,-1.0,-3.6044065712536054e-06
dnb_loops\loop_00433.wav,174,0.37962449470553333,0.9235814213752747,-1.0,-0.0036781367718333627
dnb_loops\loop_00434.wav,174,0.3455850310340931,1.0,-0.931884765625,0.0015649492739259086
dnb_loops\loop_00435.wav,174,0.3224241628345505,0.9224183559417725,-1.0,-0.0008554962357062612
dnb_loops\loop_00436.wav,174,0.26981531635794714,1.0,-0.8482969403266907,0.0028413169175211085
dnb_loops\loop_00437.wav,174,0.274216080573574,1.0,-0.845186173915863,0.0039375951874813355
dnb_loops\loop_00438.wav,174,0.2684366203938548,0.78975510597229,-1.0,-0.003265200580537637
dnb_loops\loop_00439.wav,174,0.2332151607670704,0.810882031917572,-1.0,-0.001457553250814885
dnb_loops\loop_00440.wav,174,0.3157471159416956,1.0,-0.9873596429824829,-0.0016444228401173884
dnb_loops\loop_00441.wav,174,0.256132118172336,0.9021015167236328,-1.0,-0.002070283188181624
dnb_loops\loop_00442.wav,174,0.32847963336402325,0.887962281703949,-1.0,-1.8762878659008575e-06
dnb_loops\loop_00443.wav,174,0.3927908214228722,0.9103550314903259,-1.0,-0.0008274091685309708
dnb_loops\loop_00444.wav,174,0.29569199407499996,0.9168804287910461,-1.0,0.0021845780150997426
dnb_loops\loop_00445.wav,174,0.3797660791245565,0.9597721099853516,-1.0,-0.0003149121870492166
dnb_loops\loop_00446.wav,174,0.3666336166797265,0.9311655759811401,-1.0,-0.0014160992072150334
dnb_loops\loop_00447.wav,174,0.2404066775088946,0.8464116454124451,-1.0,0.0015299884417366342
dnb_loops\loop_00448.wav,174,0.25737732182928613,0.9665500521659851,-1.0,3.937067759302075e-05
dnb_loops\loop_00449.wav,174,0.2894065560740013,1.0,-0.9414640069007874,0.0023981785831526515
dnb_loops\loop_00450.wav,174,0.37993887649653924,0.9231629371643066,-1.0,-0.002396647617104841
dnb_loops\loop_00451.wav,174,0.25156496261052397,0.976547360420227,-1.0,-0.004274316238869152
dnb_loops\loop_00452.wav,174,0.32324372065804485,1.0,-0.9252333641052246,0.004976985474222884
dnb_loops\loop_00453.wav,174,0.24021758447191394,0.8455401062965393,-1.0,0.0010724225351695148
dnb_loops\loop_00454.wav,174,0.31049091704412674,1.0,-0.9844120144844055,-0.004606398990610539
dnb_loops\loop_00455.wav,174,0.2426512571683097,0.9200384616851807,-1.0,0.005188727819176991
dnb_loops\loop_00456.wav,174,0.28422808986208037,0.860273003578186,-1.0,-0.0025057025006047476
dnb_loops\loop_00457.wav,174,0.38211712390687597,1.0,-0.980617344379425,0.002497910322773733
dnb_loops\loop_00458.wav,174,0.3108443772114861,1.0,-0.9259782433509827,0.0012554280375052071
dnb_loops\loop_00459.wav,174,0.2612758062987508,0.8236494064331055,-1.0,0.0008746018233504965
dnb_loops\loop_00460.wav,174,0.3367363990939368,0.8752878308296204,-1.0,-0.000585729906908628
dnb_loops\loop_00461.wav,174,0.29599298810569685,1.0,-0.9964824318885803,0.003814440480256235
dnb_loops\loop_00462.wav,174,0.3046550148912832,1.0,-0.96644526720047,0.0005459403169715242
dnb_loops\loop_00463.wav,174,0.28755953480286994,0.9232394695281982,-1.0,-0.0021006385890426113
dnb_loops\loop_00464.wav,174,0.2976858788050041,0.9073992967605591,-1.0,-0.0028735653475354425
dnb_loops\loop_00465.wav,174,0.2319378253445615,0.8549420237541199,-1.0,7.407106458665418e-05
dnb_loops\loop_00466.wav,174,0.34227584319201165,1.0,-0.9364914298057556,0.0017060030099965997
dnb_loops\loop_00467.wav,174,0.37688622896567775,0.9198901057243347,-1.0,0.0046155057160723045
dnb_loops\loop_00468.wav,174,0.24607160775119907,0.8562864065170288,-1.0,0.0007578425851050486
dnb_loops\loop_00469.wav,174,0.375935292480493,1.0,-0.930286705493927,-0.00019550601843545615
dnb_loops\loop_00470.wav,174,0.3725047684754961,0.942371129989624,-1.0,1.9203900023913e-05
dnb_loops\loop_00471.wav,174,0.32946311281674573,0.8283348083496094,-1.0,-0.0032878832990767305
dnb_loops\loop_00472.wav,174,0.3544455716780057,1.0,-0.9820011854171753,-0.002809248933494348
dnb_loops\loop_00473.wav,174,0.3343084904444459,0.9577294588088989,-1.0,-0.0005337810239821224
dnb_loops\loop_00474.wav,174,0.37749821711564835,0.9394000172615051,-1.0,-0.002754758042153091
dnb_loops\loop_00475.wav,174,0.33677566518406166,1.0,-0.9242601990699768,-0.00017513561585347307
dnb_loops\loop_00476.wav,174,0.25946144139513644,1.0,-0.9838500618934631,-0.003019733976954751
dnb_loops\loop_00477.wav,174,0.25174627259523286,0.9660204648971558,-1.0,-0.0013478806454341788
dnb_loops\loop_00478.wav,174,0.38183532716571295,0.9856100678443909,-1.0,0.0015984584171433358
dnb_loops\loop_00479.wav,174,0.3562057698440413,1.0,-0.8975982069969177,-0.0017233210068614536
dnb_loops\loop_00480.wav,174,0.33815503164261423,1.0,-0.9117756485939026,0.0015950903658413767
dnb_loops\loop_00481.wav,174,0.389683950922823,0.9592825770378113,-1.0,-0.0014206344453272259
dnb_loops\loop_00482.wav,174,0.2662313715434174,1.0,-0.9996470212936401,0.0015172351029531033
dnb_loops\loop_00483.wav,174,0.2520912580207824,0.8411088585853577,-1.0,0.0006482239547332291
dnb_loops\loop_00484.wav,174,0.36621460778002995,0.9147431254386902,-1.0,4.6872083399421356e-05
dnb_loops\loop_00485.wav,174,0.2964848046188458,0.9697518944740295,-1.0,-0.0028916763811034584
dnb_loops\loop_00486.wav,174,0.25210595672628233,0.8263551592826843,-1.0,0.0023888696680022512
dnb_loops\loop_00487.wav,174,0.26530611072540067,0.8288196325302124,-1.0,0.00321768625541123
dnb_loops\loop_00488.wav,174,0.3420431532544782,1.0,-0.874957799911499,0.0006606566125983293
dnb_loops\loop_00489.wav,174,0.23955419344499748,1.0,-0.8774544596672058,0.003322565749818798
dnb_loops\loop_00490.wav,174,0.3062277812037482,1.0,-0.9787678718566895,0.00357517613171251
dnb_loops\loop_00491.wav,174,0.37998449092558423,0.8912104368209839,-1.0,-0.001992853682978161
dnb_loops\loop_00492.wav,174,0.2733807982856681,0.928724467754364,-1.0,0.0020961055584018382
dnb_loops\loop_00493.wav,174,0.26569138755972294,0.9221163392066956,-1.0,0.003998135980924624
dnb_loops\loop_00494.wav,174,0.3592024002600654,0.962377667427063,-1.0,0.00330717122166501
dnb_loops\loop_00495.wav,174,0.3482941691204121,1.0,-0.9833414554595947,0.0028579574057267325
dnb_loops\loop_00496.wav,174,0.3016493035882197,0.7898424863815308,-1.0,-0.00034620069329965636
dnb_loops\loop_00497.wav,174,0.29506999853412813,0.9690980315208435,-1.0,0.0010601795186146903
dnb_loops\loop_00498.wav,174,0.3202964146004134,1.0,-0.8427638411521912,0.0024337216002931813
dnb_loops\loop_00499.wav,174,0.26301851315555463,1.0,-0.8194488286972046,0.004306355820351736
dnb_loops\loop_00500.wav,174,0.35424463087196306,0.9754369854927063,-1.0,-0.0006868336772227258
dnb_loops\loop_00501.wav,174,0.3917467485384673,0.954920768737793,-1.0,-0.000542762495189557
dnb_loops\loop_00502.wav,174,0.3507827506005752,0.8927544355392456,-1.0,-0.0012983565295632113
dnb_loops\loop_00503.wav,174,0.23399626192744297,0.8844820857048035,-1.0,0.0009363778439153594
dnb_loops\loop_00504.wav,174,0.3250443542024863,1.0,-0.9232511520385742,0.0022629856842814526
dnb_loops\loop_00505.wav,174,0.38975686813312027,0.9361806511878967,-1.0,-5.886316841124885e-05
dnb_loops\loop_00506.wav,174,0.2182160460286859,0.8588093519210815,-1.0,0.0007471164684221328
dnb_loops\loop_00507.wav,174,0.3160868443551716,0.9108244180679321,-1.0,0.00032019553698172596
dnb_loops\loop_00508.wav,174,0.33606844734083197,0.8281149864196777,-1.0,0.0011724212137931718
dnb_loops\loop_00509.wav,174,0.26997993062423264,1.0,-0.9042734503746033,0.004080766487163213
dnb_loops\loop_00510.wav,174,0.30819816427022867,0.9834991693496704,-1.0,0.0032459795271171828
dnb_loops\loop_00511.wav,174,0.2927331331690145,0.8611459136009216,-1.0,0.0011925558079719282
dnb_loops\loop_00512.wav,174,0.27100108493802644,0.92538982629776,-1.0,0.003229795889554563
dnb_loops\loop_00513.wav,174,0.32243861498071,0.9532743692398071,-1.0,-0.001831492289747717
dnb_loops\loop_00514.wav,174,0.29083867496964866,1.0,-0.9393433332443237,-0.00028752723518093954
dnb_loops\loop_00515.wav,174,0.2556634702066618,1.0,-0.8878034949302673,0.0016595815631710485
dnb_loops\loop_00516.wav,174,0.3028820633279261,0.911820650100708,-1.0,8.352002651096168e-05
dnb_loops\loop_00517.wav,174,0.4024670407585739,1.0,-0.981991708278656,-0.0018713905407825987
dnb_loops\loop_00518.wav,174,0.31939863944691416,0.8774800896644592,-1.0,0.00035806734655454233
dnb_loops\loop_00519.wav,174,0.28435154970582227,0.9122160077095032,-1.0,-0.0006148282193256805
dnb_loops\loop_00520.wav,174,0.30209309353997715,1.0,-0.9382449984550476,-0.001883353687412211
dnb_loops\loop_00521.wav,174,0.31918245892075364,1.0,-0.969327986240387,-0.0010796514706938904
dnb_loops\loop_00522.wav,174,0.2940908941354301,1.0,-0.9047879576683044,0.002514462198397044
dnb_loops\loop_00523.wav,174,0.3472190808225052,1.0,-0.8930737376213074,0.0009364953335721242
dnb_loops\loop_00524.wav,174,0.36428527753552736,1.0,-0.8728598952293396,0.0008584283303767248
dnb_loops\loop_00525.wav,174,0.2753667888238291,0.860960066318512,-1.0,0.0023718385206147833
dnb_loops\loop_00526.wav,174,0.28031434886736545,0.8688899278640747,-1.0,0.0020439103341846196
dnb_loops\loop_00527.wav,174,0.3909921529104019,1.0,-0.995002269744873,-0.00018936578201734155
dnb_loops\loop_00528.wav,174,0.3857867761893865,0.8942317366600037,-1.0,-0.0010837176107818954
dnb_loops\loop_00529.wav,174,0.4020353064353355,1.0,-0.9926974177360535,0.0009952118186331053
dnb_loops\loop_00530.wav,174,0.2977046907331326,1.0,-0.9060782790184021,0.0019345080871016544
dnb_loops\loop_00531.wav,174,0.3234089990365778,1.0,-0.9295589327812195,0.0028693023184396317
dnb_loops\loop_00532.wav,174,0.26793411754432833,0.8620001077651978,-1.0,0.002090069401929364
dnb_loops\loop_00533.wav,174,0.3062264313189749,0.9333515167236328,-1.0,0.0029541862815331715
dnb_loops\loop_00534.wav,174,0.3418342486527867,1.0,-0.9248514771461487,0.001065625532689721
dnb_loops\loop_00535.wav,174,0.32193374179691225,0.9756166338920593,-1.0,0.0005915536131358417
dnb_loops\loop_00536.wav,174,0.275742557079259,0.9322744011878967,-1.0,0.0019014099305172845
dnb_loops\loop_00537.wav,174,0.3050660624781037,1.0,-0.8846824765205383,-0.0008395666779401927
dnb_loops\loop_00538.wav,174,0.31608859688552376,1.0,-0.9620789885520935,0.004277856321462812
dnb_loops\loop_00539.wav,174,0.36229924392016405,0.8883450031280518,-1.0,-0.00046040569646784547
dnb_loops\loop_00540.wav,174,0.41976877310159755,1.0,-0.9788333177566528,-0.0017217096265913548
dnb_loops\loop_00541.wav,174,0.40130340855436775,1.0,-0.9873170852661133,-0.0016743204164221847
dnb_loops\loop_00542.wav,174,0.3699527675366303,0.9084210991859436,-1.0,-0.001316076790336801
dnb_loops\loop_00543.wav,174,0.31786964053109695,0.9931410551071167,-1.0,-0.001290182305660179
dnb_loops\loop_00544.wav,174,0.37874194648268616,0.9584863185882568,-1.0,0.0008431371256944678
dnb_loops\loop_00545.wav,174,0.38251829831676487,1.0,-0.8971346616744995,0.00035865805350436276
dnb_loops\loop_00546.wav,174,0.3395285041701196,0.9540907740592957,-1.0,-0.0020542727471248553
dnb_loops\loop_00547.wav,174,0.38549111323965185,0.9541106820106506,-1.0,-0.0015524446649666742
dnb_loops\loop_00548.wav,174,0.23911690634260033,0.8589907884597778,-1.0,0.0028025773034400523
dnb_loops\loop_00549.wav,174,0.26987085961502905,0.9144079089164734,-1.0,-0.0024341573349339458
dnb_loops\loop_00550.wav,174,0.24963038143703442,0.913288414478302,-1.0,-0.0006541434564929201
dnb_loops\loop_00551.wav,174,0.2689441910263753,0.9237097501754761,-1.0,0.00029230533171065805
dnb_loops\loop_00552.wav,174,0.2538066059006059,0.864647626876831,-1.0,-0.0028043898335328153
dnb_loops\loop_00553.wav,174,0.30485921194516397,1.0,-0.9904338121414185,-0.0017343591821307148
dnb_loops\loop_00554.wav,174,0.2572872868446757,1.0,-0.9146698117256165,0.0010557769033173318
dnb_loops\loop_00555.wav,174,0.37563355265572407,1.0,-0.9347280263900757,-0.0006845085966557229
dnb_loops\loop_00556.wav,174,0.3606546255828842,0.9781155586242676,-1.0,-0.001051918722630287
dnb_loops\loop_00557.wav,174,0.34283649805001354,1.0,-0.8677127361297607,0.0012097931414867574
dnb_loops\loop_00558.wav,174,0.2133017611898177,0.9307054877281189,-1.0,-0.0013259549029933184
dnb_loops\loop_00559.wav,174,0.274701481013512,1.0,-0.9559506773948669,0.0007302244707456142
dnb_loops\loop_00560.wav,174,0.2938570282110376,0.9485136866569519,-1.0,-0.00029084326706813545
dnb_loops\loop_00561.wav,174,0.3743945237544746,0.9687798023223877,-1.0,0.0010805631714083791
dnb_loops\loop_00562.wav,174,0.2636798707667011,0.9230823516845703,-1.0,-0.0013125967432284968
dnb_loops\loop_00563.wav,174,0.3838594449045471,0.9638025164604187,-1.0,0.0026674802258359743
dnb_loops\loop_00564.wav,174,0.3012666790873877,1.0,-0.9699711799621582,-0.0033210438178989713
dnb_loops\loop_00565.wav,174,0.2889766120477055,0.8941653966903687,-1.0,-0.0021918489417699174
dnb_loops\loop_00566.wav,174,0.3261250495496821,0.9380664229393005,-1.0,-0.0006781813939288462
dnb_loops\loop_00567.wav,174,0.24998279562758222,1.0,-0.9248995780944824,-0.00013706619278954358
dnb_loops\loop_00568.wav,174,0.282556721172777,1.0,-0.9898639917373657,0.0038472724602632703
dnb_loops\loop_00569.wav,174,0.31116782016844513,0.9548261761665344,-1.0,0.0034915629274498328
dnb_loops\loop_00570.wav,174,0.2618020924146002,0.7459357976913452,-1.0,0.0005433665918717819
dnb_loops\loop_00571.wav,174,0.26303004716339157,0.9755458831787109,-1.0,-0.002579663761752013
dnb_loops\loop_00572.wav,174,0.36597746389718866,0.9951428174972534,-1.0,-0.00045944584622771426
dnb_loops\loop_00573.wav,174,0.3480179111494576,0.8497109413146973,-1.0,0.002142556096013728
dnb_loops\loop_00574.wav,174,0.3115667147820872,0.8830968141555786,-1.0,-0.0017372534513408861
dnb_loops\loop_00575.wav,174,0.2571378163349801,1.0,-0.8974069952964783,0.002771838399777714
dnb_loops\loop_00576.wav,174,0.2941531512986782,1.0,-0.9109938740730286,0.001294554895380753
dnb_loops\loop_00577.wav,174,0.3900578433480777,1.0,-0.9777167439460754,0.0017499781538475121
dnb_loops\loop_00578.wav,174,0.2857250600479731,0.9493464827537537,-1.0,0.004674412416813037
dnb_loops\loop_00579.wav,174,0.3394696516466332,0.994434118270874,-1.0,0.000470110946373977
dnb_loops\loop_00580.wav,174,0.2447051115290586,0.899566650390625,-1.0,-0.0006377134314646398
dnb_loops\loop_00581.wav,174,0.35227951811436703,0.8602803945541382,-1.0,-0.0008916756918309488
dnb_loops\loop_00582.wav,174,0.33066803184384497,1.0,-0.9328872561454773,0.00015839271930860022
dnb_loops\loop_00583.wav,174,0.3635623111966831,0.9983916282653809,-1.0,-0.0008398072159135703
dnb_loops\loop_00584.wav,174,0.37974088901135084,1.0,-0.9904316067695618,-0.00044499807707005785
dnb_loops\loop_00585.wav,174,0.26813770599750464,0.8067179322242737,-1.0,0.0004892053539287286
dnb_loops\loop_00586.wav,174,0.3482513888544285,1.0,-0.9827709794044495,0.0027142345021031506
dnb_loops\loop_00587.wav,174,0.2802442618984818,0.872332751750946,-1.0,-0.0004714912310400775
dnb_loops\loop_00588.wav,174,0.3234023114253626,0.9445445537567139,-1.0,0.004553689313311588
dnb_loops\loop_00589.wav,174,0.3923201744866375,1.0,-0.9853124022483826,0.002565004356617111
dnb_loops\loop_00590.wav,174,0.3682898002178287,1.0,-0.9520304799079895,0.001830554596821244
dnb_loops\loop_00591.wav,174,0.26523804481248486,0.812295138835907,-1.0,-0.003377945269327153
dnb_loops\loop_00592.wav,174,0.3186770288862183,0.8219051361083984,-1.0,0.0005554631399929261
dnb_loops\loop_00593.wav,174,0.3254742815332765,1.0,-0.9770573377609253,-0.003210812316519518
dnb_loops\loop_00594.wav,174,0.24614477425004597,0.7615185976028442,-1.0,-0.00196152112311792
dnb_loops\loop_00595.wav,174,0.26631406149176207,0.9063187837600708,-1.0,-0.001211391250168407
dnb_loops\loop_00596.wav,174,0.3803631673736332,0.9449438452720642,-1.0,-0.00031308192664902264
dnb_loops\loop_00597.wav,174,0.34775245383696096,0.905153214931488,-1.0,-0.0007559015014220269
dnb_loops\loop_00598.wav,174,0.37841366886418176,0.9279953241348267,-1.0,-0.0008598929749029689
dnb_loops\loop_00599.wav,174,0.28671394013076207,0.9137061238288879,-1.0,-0.0026391597772045957
dnb_loops\loop_00600.wav,174,0.23651548124162278,0.777963399887085,-1.0,0.0015452555103085536
dnb_loops\loop_00601.wav,174,0.26269407882403556,1.0,-0.9594178199768066,-0.00048418801837342857
dnb_loops\loop_00602.wav,174,0.3197949387914453,0.9684033989906311,-1.0,-0.0010284232436768661
dnb_loops\loop_00603.wav,174,0.2545440915212849,1.0,-0.9749854207038879,0.001007796458954365
dnb_loops\loop_00604.wav,174,0.3097724709518279,1.0,-0.7678971886634827,0.002233569121853994
dnb_loops\loop_00605.wav,174,0.2263125331595718,0.8946788907051086,-1.0,-0.0010102467558261526
dnb_loops\loop_00606.wav,174,0.3215069984610464,1.0,-0.9181731343269348,0.0008950564564623413
dnb_loops\loop_00607.wav,174,0.34884897272592363,1.0,-0.9097075462341309,0.0018648307622773084
dnb_loops\loop_00608.wav,174,0.21894785448214588,0.7631961107254028,-1.0,-0.0008528282231579199
dnb_loops\loop_00609.wav,174,0.3396125561056305,1.0,-0.9961578845977783,0.0004085879696759211
dnb_loops\loop_00610.wav,174,0.33823210003548226,1.0,-0.9196715354919434,-0.00015153736791632204
dnb_loops\loop_00611.wav,174,0.3175997908008127,1.0,-0.9748877286911011,0.0015029043145781858
dnb_loops\loop_00612.wav,174,0.23930169274189886,0.8817103505134583,-1.0,0.0018654119402238063
dnb_loops\loop_00613.wav,174,0.26535984994885164,0.9508070945739746,-1.0,-0.0034568138191485185
dnb_loops\loop_00614.wav,174,0.21909875079826974,0.8681272864341736,-1.0,-0.0012049712286758083
dnb_loops\loop_00615.wav,174,0.24580743833178068,0.9053199887275696,-1.0,0.0007336929279857428
dnb_loops\loop_00616.wav,174,0.21068072026385282,0.8899252414703369,-1.0,-0.0014267763499997829
dnb_loops\loop_00617.wav,174,0.3643380339800834,0.9944795966148376,-1.0,-0.00026582579292521537
dnb_loops\loop_00618.wav,174,0.3849790538242105,1.0,-0.9869959950447083,2.7828709630924127e-05
dnb_loops\loop_00619.wav,174,0.33457038905176667,0.9219260215759277,-1.0,-0.000983492249243705
dnb_loops\loop_00620.wav,174,0.33130148329706727,1.0,-0.9661609530448914,0.004484429623494728
dnb_loops\loop_00621.wav,174,0.30513385908460783,0.9192352890968323,-1.0,-0.002328059617591114
dnb_loops\loop_00622.wav,174,0.309654544373447,1.0,-0.9679647088050842,0.0029577873835401978
dnb_loops\loop_00623.wav,174,0.3407195135815398,0.897338330745697,-1.0,-0.002073772370579578
dnb_loops\loop_00624.wav,174,0.22920311267381419,1.0,-0.9515474438667297,0.0016052110559448567
dnb_loops\loop_00625.wav,174,0.4211893980272594,0.9824503064155579,-1.0,-0.0015393158552009117
dnb_loops\loop_00626.wav,174,0.3063635135793023,0.8978192806243896,-1.0,0.00242142999724495
dnb_loops\loop_00627.wav,174,0.34067177099844725,1.0,-0.9696109890937805,0.0014699018574025192
dnb_loops\loop_00628.wav,174,0.3079187014990283,0.9484418034553528,-1.0,-0.0009968354113066974
dnb_loops\loop_00629.wav,174,0.293848448628037,0.9897924661636353,-1.0,0.0011078346696452971
dnb_loops\loop_00630.wav,174,0.3923987721632383,1.0,-0.9973413944244385,-0.0002337972228397022
dnb_loops\loop_00631.wav,174,0.27846811923898007,0.9277713298797607,-1.0,0.0016691751249203707
dnb_loops\loop_00632.wav,174,0.29667392604702947,0.9415419101715088,-1.0,-0.0031582075980911284
dnb_loops\loop_00633.wav,174,0.27147514737651346,1.0,-0.9901648759841919,0.002814809097650537
dnb_loops\loop_00634.wav,174,0.2946314126695313,0.8949006199836731,-1.0,0.0021602672683199682
dnb_loops\loop_00635.wav,174,0.33540926732160675,0.9272642731666565,-1.0,0.0003215325147682972
dnb_loops\loop_00636.wav,174,0.36293046549583385,1.0,-0.9198044538497925,-0.001638138892456505
dnb_loops\loop_00637.wav,174,0.38139893649425555,0.9958177804946899,-1.0,0.0007953087267749667
dnb_loops\loop_00638.wav,174,0.2611477098030835,0.8816916942596436,-1.0,-0.0020518359754546486
dnb_loops\loop_00639.wav,174,0.2618204196043506,1.0,-0.8562003374099731,0.00233737862452035
dnb_loops\loop_00640.wav,174,0.24097724073466487,0.8483820557594299,-1.0,-0.001996582504269311
dnb_loops\loop_00641.wav,174,0.34588891154439705,1.0,-0.8936868906021118,0.0019504837845418538
dnb_loops\loop_00642.wav,174,0.3786471540246811,0.9881348013877869,-1.0,-0.0017328491218527925
dnb_loops\loop_00643.wav,174,0.26693719867802385,0.8428797721862793,-1.0,-0.0021069397216072986
dnb_loops\loop_00644.wav,174,0.3310084728314659,0.8559234738349915,-1.0,-0.0027048342350440746
dnb_loops\loop_00645.wav,174,0.3615636559054803,1.0,-0.9931297302246094,-0.002367384492278928
dnb_loops\loop_00646.wav,174,0.3247475556050371,0.8917964100837708,-1.0,-0.0008938106523200272
dnb_loops\loop_00647.wav,174,0.2995670485958718,0.9605866074562073,-1.0,-0.0014503311907660419
dnb_loops\loop_00648.wav,174,0.265158639563284,0.9049978256225586,-1.0,0.0008800732503424097
dnb_loops\loop_00649.wav,174,0.23620175503624913,1.0,-0.8423388600349426,0.0014707627991141813
dnb_loops\loop_00650.wav,174,0.3050359870829196,0.9254553914070129,-1.0,0.004143169928975453
dnb_loops\loop_00651.wav,174,0.23788536055966517,0.7668561935424805,-1.0,0.0020562588876902907
dnb_loops\loop_00652.wav,174,0.2942222739389728,1.0,-0.987108588218689,0.0021790122927288534
dnb_loops\loop_00653.wav,174,0.3369511646042183,1.0,-0.9871754050254822,-0.00028815355534223127
dnb_loops\loop_00654.wav,174,0.2550123672351091,1.0,-0.9395921230316162,0.0022797927514502853
dnb_loops\loop_00655.wav,174,0.30426954632358205,0.9485301971435547,-1.0,0.00030941191040505613
dnb_loops\loop_00656.wav,174,0.3030418607686594,0.8211660385131836,-1.0,-0.0018128312303756409
dnb_loops\loop_00657.wav,174,0.28783953915447286,0.9542897343635559,-1.0,0.002137557313084608
dnb_loops\loop_00658.wav,174,0.3598151227017293,0.9091329574584961,-1.0,-0.0017630884723958842
dnb_loops\loop_00659.wav,174,0.24532812480838417,0.8061400651931763,-1.0,0.0022796566383036163
dnb_loops\loop_00660.wav,174,0.40007121865973505,0.9797453880310059,-1.0,-0.0011440820351845678
dnb_loops\loop_00661.wav,174,0.29022162362815795,1.0,-0.9604957103729248,0.0006504790538618992
dnb_loops\loop_00662.wav,174,0.35453485797372586,0.9560593366622925,-1.0,5.6316279555524415e-05
dnb_loops\loop_00663.wav,174,0.26421459960798804,0.7885589599609375,-1.0,0.0022411506298374633
dnb_loops\loop_00664.wav,174,0.3825189732430846,0.9945682883262634,-1.0,0.00018726298204137758
dnb_loops\loop_00665.wav,174,0.35729811281261364,1.0,-0.9286817908287048,0.0012103651090188143
dnb_loops\loop_00666.wav,174,0.2959628539161763,1.0,-0.9888057708740234,0.004344873074707884
dnb_loops\loop_00667.wav,174,0.40602723676702723,1.0,-0.9910902976989746,0.0012189729530956979
dnb_loops\loop_00668.wav,174,0.24766822390929202,0.8491623401641846,-1.0,0.0019267408164367252
dnb_loops\loop_00669.wav,174,0.30941295785797895,0.91241854429245,-1.0,-0.0014706308279770963
dnb_loops\loop_00670.wav,174,0.32032370602697025,0.9736095070838928,-1.0,0.002898299318562679
dnb_loops\loop_00671.wav,174,0.3411438024790943,0.878564715385437,-1.0,-0.0012946542211667734
dnb_loops\loop_00672.wav,174,0.2513879336811033,1.0,-0.8892191648483276,0.004306966479838447
dnb_loops\loop_00673.wav,174,0.3184920906681201,1.0,-0.9793958067893982,-0.0004466388890421309
dnb_loops\loop_00674.wav,174,0.28040448960664976,1.0,-0.9994326233863831,0.002237492290898314
dnb_loops\loop_00675.wav,174,0.346585018404917,0.9545499682426453,-1.0,-0.0012963201342441582
dnb_loops\loop_00676.wav,174,0.35288076360069665,1.0,-0.9996384382247925,-0.00035543730628848725
dnb_loops\loop_00677.wav,174,0.3463135229356005,0.9102896451950073,-1.0,-0.0008465406642598571
dnb_loops\loop_00678.wav,174,0.37725851487255213,0.9441520571708679,-1.0,0.002370905781936326
dnb_loops\loop_00679.wav,174,0.26679069841370345,0.8933208584785461,-1.0,0.0002694168707257636
dnb_loops\loop_00680.wav,174,0.28506973816813425,0.9075769782066345,-1.0,-0.001417560894402813
dnb_loops\loop_00681.wav,174,0.23704322670212613,0.8474366068840027,-1.0,0.0017486710904029157
dnb_loops\loop_00682.wav,174,0.2538715077931981,1.0,-0.8892184495925903,0.002179250898698003
dnb_loops\loop_00683.wav,174,0.3204578203923917,0.856381893157959,-1.0,0.0005466911877037446
dnb_loops\loop_00684.wav,174,0.2863600984124967,0.9125862717628479,-1.0,0.00031154928957089476
dnb_loops\loop_00685.wav,174,0.28373193518762324,0.9268988966941833,-1.0,-0.0016802481593872795
dnb_loops\loop_00686.wav,174,0.2920281022990882,1.0,-0.918380856513977,0.0015329304324947445
dnb_loops\loop_00687.wav,174,0.2763886812298279,0.9083996415138245,-1.0,-0.0016676485002993947
dnb_loops\loop_00688.wav,174,0.32028960296718223,0.7269092798233032,-1.0,-0.002127792500765244
dnb_loops\loop_00689.wav,174,0.3735555749516478,0.979184091091156,-1.0,0.001517024006070308
dnb_loops\loop_00690.wav,174,0.38480767425805196,0.9310992956161499,-1.0,-0.0014497974041847409
dnb_loops\loop_00691.wav,174,0.3619437596508505,0.9552956223487854,-1.0,-0.00213314599068073
dnb_loops\loop_00692.wav,174,0.3073998718375538,1.0,-0.910685658454895,0.0022173678115302515
dnb_loops\loop_00693.wav,174,0.3054583153496444,0.9659917950630188,-1.0,-0.0002570445850199453
dnb_loops\loop_00694.wav,174,0.2350195060967887,0.8778383135795593,-1.0,-0.0015628559295673462
dnb_loops\loop_00695.wav,174,0.262012507539998,0.9221824407577515,-1.0,0.001966521706890179
dnb_loops\loop_00696.wav,174,0.3778945058841372,0.9280033111572266,-1.0,-0.0018756687069332771
dnb_loops\loop_00697.wav,174,0.26587327128206467,1.0,-0.9783535003662109,0.00317702372552138
dnb_loops\loop_00698.wav,174,0.28982579071235737,0.9058741331100464,-1.0,0.007139594647639657
dnb_loops\loop_00699.wav,174,0.31173227418073657,0.905147910118103,-1.0,0.001663982014644553
dnb_loops\loop_00700.wav,174,0.3866871420864236,1.0,-0.9133934378623962,0.002119138467188894
dnb_loops\loop_00701.wav,174,0.36165169039145273,0.9110217094421387,-1.0,0.0001910718410633834
dnb_loops\loop_00702.wav,174,0.2779641996049155,1.0,-0.9857937097549438,-0.0017873726768094897
dnb_loops\loop_00703.wav,174,0.3769080484931511,1.0,-0.9751681685447693,-0.0006848067315289309
dnb_loops\loop_00704.wav,174,0.2742125280048559,1.0,-0.8758547902107239,0.005089700727165272
dnb_loops\loop_00705.wav,174,0.2065749682097806,0.9073078632354736,-1.0,-0.0010922011907750892
dnb_loops\loop_00706.wav,174,0.33805229247087015,0.9982842803001404,-1.0,-0.0022426756747831508
dnb_loops\loop_00707.wav,174,0.27850921732886463,0.8536479473114014,-1.0,-0.00013930910804308485
dnb_loops\loop_00708.wav,174,0.367675722195585,0.9399100542068481,-1.0,0.00026264777935387903
dnb_loops\loop_00709.wav,174,0.36242089246920944,0.9583594799041748,-1.0,-0.00023869883680865636
dnb_loops\loop_00710.wav,174,0.26196826347872376,0.8241437673568726,-1.0,-0.0010401225075680313
dnb_loops\loop_00711.wav,174,0.3471415322293158,0.8729148507118225,-1.0,0.00037006117344867977
dnb_loops\loop_00712.wav,174,0.23671350756630383,0.8879600763320923,-1.0,-0.0016031921345436954
dnb_loops\loop_00713.wav,174,0.3656622828667728,0.9161579012870789,-1.0,-0.00040281266650316695
dnb_loops\loop_00714.wav,174,0.2486537976564561,1.0,-0.8798876404762268,0.0032658738891707282
dnb_loops\loop_00715.wav,174,0.341976387184162,0.8893669843673706,-1.0,0.0006713888941500527
dnb_loops\loop_00716.wav,174,0.3571818898241496,1.0,-0.9326145052909851,0.0015440009315085689
dnb_loops\loop_00717.wav,174,0.258375445183926,1.0,-0.8529753684997559,0.0021537096863060053
dnb_loops\loop_00718.wav,174,0.31102571382451244,0.9034990668296814,-1.0,0.0026363477065268694
dnb_loops\loop_00719.wav,174,0.26652303628052915,0.9205013513565063,-1.0,0.002724680848896194
dnb_loops\loop_00720.wav,174,0.2578980350379058,0.9333094358444214,-1.0,0.003740209339931925
dnb_loops\loop_00721.wav,174,0.30161274797285265,0.9440274238586426,-1.0,-0.001338017775226155
dnb_loops\loop_00722.wav,174,0.38170763277616826,0.9672374129295349,-1.0,0.001829820723924412
dnb_loops\loop_00723.wav,174,0.3829919274104406,0.9930465221405029,-1.0,-0.002796738865183799
dnb_loops\loop_00724.wav,174,0.3757755689937483,0.955104649066925,-1.0,0.0010409746051974417
dnb_loops\loop_00725.wav,174,0.3540514266272243,0.9385722279548645,-1.0,0.001629662332184891
dnb_loops\loop_00726.wav,174,0.40953936016814185,1.0,-0.9944280982017517,0.0008177057864607512
dnb_loops\loop_00727.wav,174,0.33546255087775295,1.0,-0.9712273478507996,-0.0003489603415766624
dnb_loops\loop_00728.wav,174,0.35242485675796453,0.9864334464073181,-1.0,-0.0024126874473474353
dnb_loops\loop_00729.wav,174,0.376028091840014,0.9916218519210815,-1.0,5.987949070968143e-05
dnb_loops\loop_00730.wav,174,0.2993263370614387,0.9161221385002136,-1.0,0.0030788076792421766
dnb_loops\loop_00731.wav,174,0.32723352264744715,0.785926878452301,-1.0,-0.003121129727077419
dnb_loops\loop_00732.wav,174,0.38877153395574593,1.0,-0.9737480878829956,0.0004428720351049444
dnb_loops\loop_00733.wav,174,0.30962229303388905,0.9611301422119141,-1.0,0.001396153397120866
dnb_loops\loop_00734.wav,174,0.3482365962106109,0.9122001528739929,-1.0,-0.0005232288162158324
dnb_loops\loop_00735.wav,174,0.3508905914862511,0.9444826245307922,-1.0,-0.002123652571482649
dnb_loops\loop_00736.wav,174,0.2997357032017336,0.8075175881385803,-1.0,0.00020322523018864345
dnb_loops\loop_00737.wav,174,0.345041652994074,0.9929418563842773,-1.0,-0.004186980554205324
dnb_loops\loop_00738.wav,174,0.37820030732652493,1.0,-0.9886825680732727,0.002097847314568762
dnb_loops\loop_00739.wav,174,0.2919745433507406,0.8968092799186707,-1.0,0.0015150330164872532
dnb_loops\loop_00740.wav,174,0.376184562446627,0.978857159614563,-1.0,-0.00036950797922482946
dnb_loops\loop_00741.wav,174,0.42512778471946977,0.9877817630767822,-1.0,-0.0029975756347370708
dnb_loops\loop_00742.wav,174,0.31729139401762774,1.0,-0.9526089429855347,0.0008205886186561278
dnb_loops\loop_00743.wav,174,0.3785328617375958,0.9343173503875732,-1.0,0.0002108845898596632
dnb_loops\loop_00744.wav,174,0.3626409626384185,0.9227652549743652,-1.0,-0.003625580935817987
dnb_loops\loop_00745.wav,174,0.25412440833969474,0.8175315856933594,-1.0,-0.0017740544516387014
dnb_loops\loop_00746.wav,174,0.3711972549134156,0.9077528119087219,-1.0,-0.0022497671146540056
dnb_loops\loop_00747.wav,174,0.36114969142816367,0.8856310248374939,-1.0,0.00014171216644533877
dnb_loops\loop_00748.wav,174,0.40443086013700613,1.0,-0.9836217761039734,-0.002528647789313482
dnb_loops\loop_00749.wav,174,0.2889434682576364,1.0,-0.9487453103065491,0.002143817271615711
dnb_loops\loop_00750.wav,174,0.38020117305191353,1.0,-0.9810252785682678,-0.002034738366050452
dnb_loops\loop_00751.wav,174,0.3600140684317025,0.8916264176368713,-1.0,-0.0010292131553500793
dnb_loops\loop_00752.wav,174,0.284081924874382,1.0,-0.9153254628181458,0.002568015586346111
dnb_loops\loop_00753.wav,174,0.3224985712861917,1.0,-0.9877428412437439,0.001972716149319938
dnb_loops\loop_00754.wav,174,0.3370008766871244,0.9541463851928711,-1.0,-0.0002770617320292522
dnb_loops\loop_00755.wav,174,0.38164094439455803,1.0,-0.974104642868042,-0.001381494067788148
dnb_loops\loop_00756.wav,174,0.22462442051815348,0.8583683967590332,-1.0,-0.0017759487483898406
dnb_loops\loop_00757.wav,174,0.32777745000001235,0.8476665616035461,-1.0,-0.0014810073796601919
dnb_loops\loop_00758.wav,174,0.31495100841095064,0.8590391278266907,-1.0,0.001041300705132713
dnb_loops\loop_00759.wav,174,0.3885090961189524,0.9899513125419617,-1.0,-0.0010438807221758873
dnb_loops\loop_00760.wav,174,0.26488479510327584,0.9463247060775757,-1.0,-0.0004397291472554534
dnb_loops\loop_00761.wav,174,0.35412057665101715,0.96064293384552,-1.0,-0.00016062611818784127
dnb_loops\loop_00762.wav,174,0.3941142986259534,0.9596693515777588,-1.0,0.0020647544365466957
dnb_loops\loop_00763.wav,174,0.3824368119809364,1.0,-0.9854577779769897,-0.002957335306238268
dnb_loops\loop_00764.wav,174,0.31940932679372885,0.9363405704498291,-1.0,-0.0007206237462075636
dnb_loops\loop_00765.wav,174,0.33121751057139615,1.0,-0.9145798683166504,0.0025694364540578218
dnb_loops\loop_00766.wav,174,0.38158184692174935,1.0,-0.9473749995231628,-0.002026268943891027
dnb_loops\loop_00767.wav,174,0.36948547309813623,0.9963427186012268,-1.0,-0.003110527920159055
dnb_loops\loop_00768.wav,174,0.3784785661058789,0.9648593068122864,-1.0,0.0004925854912937547
dnb_loops\loop_00769.wav,174,0.2745579562414969,0.8147459626197815,-1.0,0.002060445065409805
dnb_loops\loop_00770.wav,174,0.3349055517978075,1.0,-0.9133633971214294,0.001260631933001011
dnb_loops\loop_00771.wav,174,0.3399677006019088,1.0,-0.9763333797454834,0.0008268250040748306
dnb_loops\loop_00772.wav,174,0.3324332003333435,0.9018844366073608,-1.0,0.0002606306244038093
dnb_loops\loop_00773.wav,174,0.26594953039277963,0.8802748322486877,-1.0,-0.0009019194789369704
dnb_loops\loop_00774.wav,174,0.32611023813811063,0.9799147844314575,-1.0,-0.0034658714424808485
dnb_loops\loop_00775.wav,174,0.3369881979844977,0.9163354635238647,-1.0,-0.0017356729257099193
dnb_loops\loop_00776.wav,174,0.38563230921392677,0.9644906520843506,-1.0,-0.0028269077677267915
dnb_loops\loop_00777.wav,174,0.3889402008606532,0.9418667554855347,-1.0,-0.0017374357221923923
dnb_loops\loop_00778.wav,174,0.35516384116021577,0.8734174966812134,-1.0,0.0008662753687328044
dnb_loops\loop_00779.wav,174,0.33318199373953133,0.965664267539978,-1.0,-0.0017511644151658886
dnb_loops\loop_00780.wav,174,0.35014555963275945,0.947012722492218,-1.0,-0.0024705358615066185
dnb_loops\loop_00781.wav,174,0.319259586483657,1.0,-0.9655978679656982,-0.0030019313341499163
dnb_loops\loop_00782.wav,174,0.2657544623475591,0.9104448556900024,-1.0,-0.0033350218712260293
dnb_loops\loop_00783.wav,174,0.32593162752037574,0.9359555244445801,-1.0,-0.0006903582252140703
dnb_loops\loop_00784.wav,174,0.3497188819672535,0.957798182964325,-1.0,0.0010380370719464483
dnb_loops\loop_00785.wav,174,0.3413801793279141,0.8247979283332825,-1.0,-0.003119533840988813
dnb_loops\loop_00786.wav,174,0.3502188377716869,0.9967570304870605,-1.0,0.00021234245565291895
dnb_loops\loop_00787.wav,174,0.33436221766229807,1.0,-0.8458672761917114,0.003274232570999633
dnb_loops\loop_00788.wav,174,0.2786520473072449,1.0,-0.8497651219367981,0.0025490451348298233
dnb_loops\loop_00789.wav,174,0.2872118797777002,0.9893292188644409,-1.0,0.002180044786898912
dnb_loops\loop_00790.wav,174,0.23527819035078137,0.8158507347106934,-1.0,-0.0025892335459446786
dnb_loops\loop_00791.wav,174,0.2820224938087654,0.8373719453811646,-1.0,-0.001052998525750424
dnb_loops\loop_00792.wav,174,0.28486953473726806,1.0,-0.9205853343009949,0.0027325749458410546
dnb_loops\loop_00793.wav,174,0.26975402779587554,0.9549450278282166,-1.0,0.005681511531028049
dnb_loops\loop_00794.wav,174,0.3292008894458772,0.9598447680473328,-1.0,-0.002501267221796087
dnb_loops\loop_00795.wav,174,0.30740346181483325,0.8255805969238281,-1.0,-0.00015111026832149708
dnb_loops\loop_00796.wav,174,0.3721553956268687,0.8731523752212524,-1.0,0.00010916893957104801
dnb_loops\loop_00797.wav,174,0.31698330119979096,1.0,-0.9882966876029968,-0.0014083974841375983
dnb_loops\loop_00798.wav,174,0.3819846824449709,0.9028381109237671,-1.0,-0.001674436837646313
dnb_loops\loop_00799.wav,174,0.3769506862544348,0.8876761794090271,-1.0,0.0002088971639122146
dnb_loops\loop_00800.wav,174,0.3324060094361202,0.9307973980903625,-1.0,0.0007313658143491954
dnb_loops\loop_00801.wav,174,0.39836320411308684,0.9667773842811584,-1.0,-0.0005453473279493375
dnb_loops\loop_00802.wav,174,0.3975622643898477,1.0,-0.9580793976783752,-0.0008619126527634499
dnb_loops\loop_00803.wav,174,0.30793894216091877,0.9659698009490967,-1.0,-0.0016687637971693607
dnb_loops\loop_00804.wav,174,0.3049973852514579,1.0,-0.9512878060340881,0.001897648447054123
dnb_loops\loop_00805.wav,174,0.29075472289506604,0.9230514764785767,-1.0,0.0019264689747173567
dnb_loops\loop_00806.wav,174,0.26790989495348005,1.0,-0.9785703420639038,0.005453425153537044
dnb_loops\loop_00807.wav,174,0.26104256391161096,0.9324275851249695,-1.0,-0.0008757213393340859
dnb_loops\loop_00808.wav,174,0.29673912910205363,1.0,-0.8958282470703125,0.001942455764459068
dnb_loops\loop_00809.wav,174,0.243041897695393,1.0,-0.8888484835624695,0.001972129217333375
dnb_loops\loop_00810.wav,174,0.40194903288977,0.9956914782524109,-1.0,0.00010440012238311573
dnb_loops\loop_00811.wav,174,0.3631109430486751,1.0,-0.929621160030365,0.0015912041989414613
dnb_loops\loop_00812.wav,174,0.3620591227775393,1.0,-0.8970979452133179,-7.166610204636592e-05
dnb_loops\loop_00813.wav,174,0.40653602497114033,0.9735851883888245,-1.0,-0.0009285058948242434
dnb_loops\loop_00814.wav,174,0.23784619581189173,0.9021138548851013,-1.0,0.0009061202120798289
dnb_loops\loop_00815.wav,174,0.3212605798996377,0.9334131479263306,-1.0,-0.005615786948708166
dnb_loops\loop_00816.wav,174,0.36052624891840507,0.9525724053382874,-1.0,-0.0002094532948736398
dnb_loops\loop_00817.wav,174,0.38053100606189777,0.9402562975883484,-1.0,-0.0015199494779055882
dnb_loops\loop_00818.wav,174,0.24078895691378996,1.0,-0.8673757314682007,0.0021356860358187893
dnb_loops\loop_00819.wav,174,0.42062072599370026,1.0,-0.9970654845237732,-0.00238510673252662
dnb_loops\loop_00820.wav,174,0.37211655607949334,1.0,-0.9481586813926697,-0.0009338261943292921
dnb_loops\loop_00821.wav,174,0.24366180291559972,0.9966894388198853,-1.0,0.0021018505684127302
dnb_loops\loop_00822.wav,174,0.3171321026145003,0.9324209690093994,-1.0,-0.002000365594398557
dnb_loops\loop_00823.wav,174,0.2893505172439123,0.9135583639144897,-1.0,0.003667774819605898
dnb_loops\loop_00824.wav,174,0.22230733021400895,0.8211212754249573,-1.0,0.0019791356225713113
dnb_loops\loop_00825.wav,174,0.38230339711246,0.9945317506790161,-1.0,-0.0018547744832531495
dnb_loops\loop_00826.wav,174,0.2640470231485359,0.8422455787658691,-1.0,0.000815966823865411
dnb_loops\loop_00827.wav,174,0.25927010084100416,0.914237380027771,-1.0,-0.0008205514956982999
dnb_loops\loop_00828.wav,174,0.29351295864339816,0.9335291981697083,-1.0,0.0016390323922107683
dnb_loops\loop_00829.wav,174,0.26602926014652517,1.0,-0.929975688457489,0.0016804844432447002
dnb_loops\loop_00830.wav,174,0.3764394658903833,1.0,-0.9939942955970764,-0.0011833940307519864
dnb_loops\loop_00831.wav,174,0.2251063691674114,0.8053539991378784,-1.0,0.0012277172186801362
dnb_loops\loop_00832.wav,174,0.39860960696929504,1.0,-0.9444108009338379,-0.001902810209355299
dnb_loops\loop_00833.wav,174,0.34660977977518975,0.8834109306335449,-1.0,-0.00011948814237395265
dnb_loops\loop_00834.wav,174,0.24915882058426977,0.7548037171363831,-1.0,0.00032633461232343226
dnb_loops\loop_00835.wav,174,0.24838545019071084,1.0,-0.8811596632003784,0.0041904169123357015
dnb_loops\loop_00836.wav,174,0.25750742509477975,0.9233421087265015,-1.0,-0.00028345758925792764
dnb_loops\loop_00837.wav,174,0.3801981278994556,0.970054566860199,-1.0,-0.0019341545437430408
dnb_loops\loop_00838.wav,174,0.24931132960206295,0.7553963661193848,-1.0,0.0015833994051715824
dnb_loops\loop_00839.wav,174,0.237813507159752,0.9105309247970581,-1.0,0.002818392836426069
dnb_loops\loop_00840.wav,174,0.36003251797046837,0.9031745791435242,-1.0,-0.001691976362687506
dnb_loops\loop_00841.wav,174,0.29336549491399616,0.9281988143920898,-1.0,-0.0016357021826960774
dnb_loops\loop_00842.wav,174,0.3724600248516307,0.9488397836685181,-1.0,0.0005445420485958401
dnb_loops\loop_00843.wav,174,0.338788038213781,0.8994156718254089,-1.0,0.0010066187474244734
dnb_loops\loop_00844.wav,174,0.2929606416112224,0.9562994837760925,-1.0,0.00028742024556667337
dnb_loops\loop_00845.wav,174,0.35032730343487406,0.8804717063903809,-1.0,-0.0004479060841002949
dnb_loops\loop_00846.wav,174,0.23853441076404613,0.8300390243530273,-1.0,-0.0005617271735842005
dnb_loops\loop_00847.wav,174,0.3899535597737023,1.0,-0.9678757786750793,0.0035977117571460776
dnb_loops\loop_00848.wav,174,0.29433735179938303,0.9551355242729187,-1.0,-0.0006690245483465505
dnb_loops\loop_00849.wav,174,0.2729786769938739,1.0,-0.9363162517547607,0.0032516695143493405
dnb_loops\loop_00850.wav,174,0.28736347760976133,0.8867630958557129,-1.0,0.00379194956071439
dnb_loops\loop_00851.wav,174,0.28913145661067646,0.8114060163497925,-1.0,-0.0023987407413937367
dnb_loops\loop_00852.wav,174,0.3408644388622583,1.0,-0.8801315426826477,0.0017071882626320861
dnb_loops\loop_00853.wav,174,0.33851165976888786,0.902795672416687,-1.0,-0.002460761001008339
dnb_loops\loop_00854.wav,174,0.22068402965173317,0.8658104538917542,-1.0,0.002584416401382534
dnb_loops\loop_00855.wav,174,0.3474973137253343,1.0,-0.942524254322052,-0.0011425233519351853
dnb_loops\loop_00856.wav,174,0.29418523409266695,1.0,-0.8716760873794556,0.0019838292826435825
dnb_loops\loop_00857.wav,174,0.27763997110082017,0.8520001173019409,-1.0,0.001027632978366177
dnb_loops\loop_00858.wav,174,0.3134274702548893,0.746416449546814,-1.0,-0.0026578416501293087
dnb_loops\loop_00859.wav,174,0.3809470992622249,0.9358680248260498,-1.0,-0.0009737215432746695
dnb_loops\loop_00860.wav,174,0.24245395395912805,0.8410520553588867,-1.0,-0.000831543363480225
dnb_loops\loop_00861.wav,174,0.26072698493442437,0.9928700923919678,-1.0,-0.0003996444888479873
dnb_loops\loop_00862.wav,174,0.3841815992227045,0.9071459174156189,-1.0,-0.0019178038702359313
dnb_loops\loop_00863.wav,174,0.25407603240821824,0.8126110434532166,-1.0,-0.0006031566897597569
dnb_loops\loop_00864.wav,174,0.22906914404894116,0.9319656491279602,-1.0,0.0011820577871653414
dnb_loops\loop_00865.wav,174,0.35843580775862993,0.9064785838127136,-1.0,-0.0022550821618660057
dnb_loops\loop_00866.wav,174,0.3201395890847855,0.8665039539337158,-1.0,-0.001443137092929293
dnb_loops\loop_00867.wav,174,0.281708187954514,0.7698800563812256,-1.0,-0.000709928709929965
dnb_loops\loop_00868.wav,174,0.39663658227710474,0.9454332590103149,-1.0,0.0004663403879417357
dnb_loops\loop_00869.wav,174,0.2774748222936991,0.9359636306762695,-1.0,-0.002799025307331085
dnb_loops\loop_00870.wav,174,0.2530688486147595,0.8281816244125366,-1.0,1.1965083169238093e-05
dnb_loops\loop_00871.wav,174,0.38423398695975414,1.0,-0.879157304763794,0.0016271420147646605
dnb_loops\loop_00872.wav,174,0.3084981153862664,0.9611673951148987,-1.0,0.0015397651693669857
dnb_loops\loop_00873.wav,174,0.32683852520598095,0.9780609607696533,-1.0,0.003544015759995607
dnb_loops\loop_00874.wav,174,0.28220758586673045,0.8301512598991394,-1.0,0.0010105918916036934
dnb_loops\loop_00875.wav,174,0.3702559592532007,0.9702597260475159,-1.0,-0.0010462175558627275
dnb_loops\loop_00876.wav,174,0.291267629733775,0.9427025318145752,-1.0,0.0009241273724327837
dnb_loops\loop_00877.wav,174,0.34052235353555116,0.9221012592315674,-1.0,-0.0017575606260128234
dnb_loops\loop_00878.wav,174,0.27953721439186624,1.0,-0.9417769312858582,0.0017654216039878583
dnb_loops\loop_00879.wav,174,0.2658806356305367,0.9932636022567749,-1.0,-0.0019457123843872317
dnb_loops\loop_00880.wav,174,0.343036560763608,0.9392266869544983,-1.0,0.0013271793526477978
dnb_loops\loop_00881.wav,174,0.37212826566086443,0.9776373505592346,-1.0,0.000566099608407514
dnb_loops\loop_00882.wav,174,0.28132391444493643,0.8652197122573853,-1.0,-0.0031716308181505195
dnb_loops\loop_00883.wav,174,0.29045139471098363,1.0,-0.9946087598800659,0.0026467168684169854
dnb_loops\loop_00884.wav,174,0.26715612523718313,0.8524916172027588,-1.0,-0.0032098173126296013
dnb_loops\loop_00885.wav,174,0.38514715166508406,0.8919017910957336,-1.0,-0.001615200784153846
dnb_loops\loop_00886.wav,174,0.33673385468553735,1.0,-0.9546988606452942,0.0015865178779005066
dnb_loops\loop_00887.wav,174,0.2979053498495168,0.8465659022331238,-1.0,0.006330499041877165
dnb_loops\loop_00888.wav,174,0.24227269723592712,0.904427170753479,-1.0,-0.004534030932576033
dnb_loops\loop_00889.wav,174,0.35257933560751675,0.942348062992096,-1.0,-0.0010312315642261884
dnb_loops\loop_00890.wav,174,0.35351960080259986,0.8777192831039429,-1.0,-0.002376047455700221
dnb_loops\loop_00891.wav,174,0.30236286619789465,0.9652674794197083,-1.0,0.003962106107582998
dnb_loops\loop_00892.wav,174,0.38353340218067583,1.0,-0.984018087387085,-0.000709693609925975
dnb_loops\loop_00893.wav,174,0.25658072497439754,0.7609792351722717,-1.0,0.00014978685597529827
dnb_loops\loop_00894.wav,174,0.36753479415327694,0.8367171287536621,-1.0,-0.000982642848662652
dnb_loops\loop_00895.wav,174,0.291002345427085,0.9207035303115845,-1.0,0.003087181564761244
dnb_loops\loop_00896.wav,174,0.30166262267239363,1.0,-0.9407120943069458,0.001615709895242328
dnb_loops\loop_00897.wav,174,0.2988485300991828,0.867408037185669,-1.0,0.0018937569844853777
dnb_loops\loop_00898.wav,174,0.2333658459162601,0.7632060647010803,-1.0,0.002107937407771848
dnb_loops\loop_00899.wav,174,0.29487784620147856,0.867232620716095,-1.0,-0.004222355506400494
dnb_loops\loop_00900.wav,174,0.3737501287731439,0.9465291500091553,-1.0,-0.0022110172160019637
dnb_loops\loop_00901.wav,174,0.3514760070596681,0.9412277936935425,-1.0,-0.0019788825386615663
dnb_loops\loop_00902.wav,174,0.36276383219993563,0.9870008230209351,-1.0,0.0008923137212592853
dnb_loops\loop_00903.wav,174,0.3947323730065783,0.962472140789032,-1.0,0.00022886679950033477
dnb_loops\loop_00904.wav,174,0.3644020346635496,0.9259151816368103,-1.0,-0.002147796748723795
dnb_loops\loop_00905.wav,174,0.28471071467878195,0.9190114736557007,-1.0,-0.0030063454172341722
dnb_loops\loop_00906.wav,174,0.22733573357864417,1.0,-0.8487567901611328,0.004105171372092352
dnb_loops\loop_00907.wav,174,0.2871315498735286,0.8163784146308899,-1.0,-0.0030036038030569544
dnb_loops\loop_00908.wav,174,0.20686091441781013,0.8578459024429321,-1.0,-4.648469835547078e-05
dnb_loops\loop_00909.wav,174,0.22708063952554644,1.0,-0.885292649269104,0.002925195941630175
dnb_loops\loop_00910.wav,174,0.34979306823292644,0.9169543385505676,-1.0,-7.205650901253853e-05
dnb_loops\loop_00911.wav,174,0.3459036438089552,0.9184401631355286,-1.0,-0.0020222186042745307
dnb_loops\loop_00912.wav,174,0.2781363515119096,0.9269320964813232,-1.0,-0.004219484445517098
dnb_loops\loop_00913.wav,174,0.3049593679725171,1.0,-0.9380433559417725,0.0013816483657864817
dnb_loops\loop_00914.wav,174,0.3279001770486327,0.9487074613571167,-1.0,0.00032762078160213234
dnb_loops\loop_00915.wav,174,0.23732976740402423,0.9980863928794861,-1.0,-0.0013127291287287895
dnb_loops\loop_00916.wav,174,0.25972528775842585,1.0,-0.9559392333030701,0.00440405115336459
dnb_loops\loop_00917.wav,174,0.28475082533571267,1.0,-0.9283920526504517,0.0007631744318430274
dnb_loops\loop_00918.wav,174,0.34721679843469966,0.8266277313232422,-1.0,-0.0034958029568833166
dnb_loops\loop_00919.wav,174,0.260718345779622,1.0,-0.9710564017295837,0.002246840504468963
dnb_loops\loop_00920.wav,174,0.40895080101041786,1.0,-0.9912816286087036,0.002059126676985937
dnb_loops\loop_00921.wav,174,0.2453847742836541,0.9323399066925049,-1.0,2.885386175790024e-05
dnb_loops\loop_00922.wav,174,0.25749733454640356,1.0,-0.9108606576919556,0.0052523601458529775
dnb_loops\loop_00923.wav,174,0.4065459770513332,1.0,-0.9100317358970642,0.0023471862588070463
dnb_loops\loop_00924.wav,174,0.25691243954028353,1.0,-0.9685855507850647,0.0013943485944066497
dnb_loops\loop_00925.wav,174,0.2777609233409457,0.9294703006744385,-1.0,0.002206390843673834
dnb_loops\loop_00926.wav,174,0.22134364417165184,0.7816893458366394,-1.0,-0.0006892193173980011
dnb_loops\loop_00927.wav,174,0.3348159954040605,0.9502461552619934,-1.0,0.003335392039120889
dnb_loops\loop_00928.wav,174,0.32595200852373685,1.0,-0.9353481531143188,0.003635840072870186
dnb_loops\loop_00929.wav,174,0.21195050997180948,0.8336191177368164,-1.0,0.0023157727960970917
dnb_loops\loop_00930.wav,174,0.33082016194736946,0.9374909996986389,-1.0,-0.002133552223216726
dnb_loops\loop_00931.wav,174,0.3121783441246949,0.9067046046257019,-1.0,0.00048407912614934655
dnb_loops\loop_00932.wav,174,0.33379286211785175,1.0,-0.8872848749160767,0.0022349842676495516
dnb_loops\loop_00933.wav,174,0.24563409718845922,0.7598727941513062,-1.0,-0.0021915418326127114
dnb_loops\loop_00934.wav,174,0.3365356750919574,0.9399468898773193,-1.0,0.0005363697923620726
dnb_loops\loop_00935.wav,174,0.31064224360419396,1.0,-0.9573885202407837,0.0023565666780494274
dnb_loops\loop_00936.wav,174,0.36522597652291394,0.9432839751243591,-1.0,-0.0012240877112072923
dnb_loops\loop_00937.wav,174,0.3969594899427317,0.9895058274269104,-1.0,0.0007227794738920999
dnb_loops\loop_00938.wav,174,0.2565448805890473,1.0,-0.8803853988647461,0.0039106641449429096
dnb_loops\loop_00939.wav,174,0.2836057160813972,0.8856421709060669,-1.0,0.004392330598090193
dnb_loops\loop_00940.wav,174,0.32992571009264815,0.9889205694198608,-1.0,-0.0008677073473392525
dnb_loops\loop_00941.wav,174,0.3106503636004116,0.92031329870224,-1.0,-0.002193434648861098
dnb_loops\loop_00942.wav,174,0.2541079487124137,1.0,-0.986606776714325,-0.0040636719962034605
dnb_loops\loop_00943.wav,174,0.33732422810536244,1.0,-0.99659663438797,-0.0008523152713819784
dnb_loops\loop_00944.wav,174,0.3010803467649569,1.0,-0.932653546333313,-0.0008868316465891434
dnb_loops\loop_00945.wav,174,0.3787150124415678,0.9648444056510925,-1.0,-0.0010727775242483281
dnb_loops\loop_00946.wav,174,0.2733058612325842,1.0,-0.7623620629310608,0.003219679758552287
dnb_loops\loop_00947.wav,174,0.22250769254426286,0.9755961298942566,-1.0,-0.003983404195491289
dnb_loops\loop_00948.wav,174,0.380252373455987,0.9940553903579712,-1.0,-0.003579971831176694
dnb_loops\loop_00949.wav,174,0.26993256923758613,0.9517309069633484,-1.0,0.002087270221448223
dnb_loops\loop_00950.wav,174,0.30512255629096485,1.0,-0.9411526918411255,0.005860981000998206
dnb_loops\loop_00951.wav,174,0.357857617732914,1.0,-0.9326232671737671,0.0011397243988949866
dnb_loops\loop_00952.wav,174,0.3089406089849151,0.9434872269630432,-1.0,-0.0014672646943632698
dnb_loops\loop_00953.wav,174,0.35032714894419437,0.9174480438232422,-1.0,0.0031556176018704735
dnb_loops\loop_00954.wav,174,0.3941212028126125,0.9818503260612488,-1.0,-0.0010412174380622662
dnb_loops\loop_00955.wav,174,0.36485285300838927,0.8699131011962891,-1.0,-0.0016025022342704824
dnb_loops\loop_00956.wav,174,0.27221738533938883,0.89338618516922,-1.0,-0.003133698708467144
dnb_loops\loop_00957.wav,174,0.2563293832645945,0.8285108804702759,-1.0,0.004671240799141504
dnb_loops\loop_00958.wav,174,0.3488081862662343,0.9946098327636719,-1.0,-0.0010398671840889182
dnb_loops\loop_00959.wav,174,0.39740059209753853,1.0,-0.9805747270584106,0.0008157627858168493
dnb_loops\loop_00960.wav,174,0.22415479210326614,1.0,-0.8614236116409302,0.0018273959905987574
dnb_loops\loop_00961.wav,174,0.22834535253544896,0.9576500058174133,-1.0,9.189824961110439e-05
dnb_loops\loop_00962.wav,174,0.3545878635687718,0.8774659633636475,-1.0,-0.003117973664559788
dnb_loops\loop_00963.wav,174,0.31688215933329633,0.9261146783828735,-1.0,-0.001268959130521779
dnb_loops\loop_00964.wav,174,0.3049419361287605,0.9523581266403198,-1.0,-0.0018124608395542377
dnb_loops\loop_00965.wav,174,0.238609344227113,0.9252198934555054,-1.0,0.0023822382501993084
dnb_loops\loop_00966.wav,174,0.3071569481402783,1.0,-0.919757068157196,0.005076709379118189
dnb_loops\loop_00967.wav,174,0.2469149631214487,0.9620718359947205,-1.0,-0.0014133179325231417
dnb_loops\loop_00968.wav,174,0.24598312670061193,0.8065205812454224,-1.0,-0.0010097901384017117
dnb_loops\loop_00969.wav,174,0.3382923544489325,1.0,-0.9916955232620239,0.0012607126237525828
dnb_loops\loop_00970.wav,174,0.32998571942641486,1.0,-0.916792094707489,0.0010789861479954008
dnb_loops\loop_00971.wav,174,0.3054530658399025,0.9929696917533875,-1.0,0.004959617176918931
dnb_loops\loop_00972.wav,174,0.3634373234936874,0.8152170777320862,-1.0,-0.0025258656617093904
dnb_loops\loop_00973.wav,174,0.23305560766042266,0.9530036449432373,-1.0,0.002382002060249251
dnb_loops\loop_00974.wav,174,0.24803914689653195,0.8034418225288391,-1.0,-0.0014020201382552954
dnb_loops\loop_00975.wav,174,0.3677872922076621,0.952077329158783,-1.0,-0.0008554765437513061
dnb_loops\loop_00976.wav,174,0.27696956751910384,0.9110271334648132,-1.0,0.006757808273848937
dnb_loops\loop_00977.wav,174,0.3580596807797136,0.9509313702583313,-1.0,-0.0018082093679307341
dnb_loops\loop_00978.wav,174,0.34097319241651575,0.8841248750686646,-1.0,-0.000160916284321245
dnb_loops\loop_00979.wav,174,0.3168350142991845,0.9784902334213257,-1.0,0.0010999443897612355
dnb_loops\loop_00980.wav,174,0.37222260889725645,1.0,-0.9844602346420288,0.0007959994109536147
dnb_loops\loop_00981.wav,174,0.3749067809241765,1.0,-0.9322070479393005,0.0018483544574048475
dnb_loops\loop_00982.wav,174,0.3031216648924202,0.9702796339988708,-1.0,0.0028459055591923115
dnb_loops\loop_00983.wav,174,0.28334644514069546,0.8667091727256775,-1.0,0.001899649143355563
dnb_loops\loop_00984.wav,174,0.2467627746656886,0.9602309465408325,-1.0,0.0018483412432287888
dnb_loops\loop_00985.wav,174,0.2278326165052201,1.0,-0.9256132245063782,0.00016790954770893194
dnb_loops\loop_00986.wav,174,0.2487020153596052,0.8503238558769226,-1.0,0.00035008512232169133
dnb_loops\loop_00987.wav,174,0.36264888720570626,0.9347736835479736,-1.0,-0.0013111429957028862
dnb_loops\loop_00988.wav,174,0.2980462404649637,0.9117396473884583,-1.0,-0.001225006118715172
dnb_loops\loop_00989.wav,174,0.27601726275600663,0.8528159260749817,-1.0,-0.002049608498889539
dnb_loops\loop_00990.wav,174,0.24418372235411387,0.7837933301925659,-1.0,0.005049108206074142
dnb_loops\loop_00991.wav,174,0.2458614229036574,0.7498882412910461,-1.0,-0.002294635511826799
dnb_loops\loop_00992.wav,174,0.397493667580605,0.9917912483215332,-1.0,-0.0011020862739246039
dnb_loops\loop_00993.wav,174,0.35904828050179244,0.9063833951950073,-1.0,-0.0011256107644518746
dnb_loops\loop_00994.wav,174,0.3026238765403686,0.9539463520050049,-1.0,0.0020199438152822846
dnb_loops\loop_00995.wav,174,0.32979879446573956,0.9481983780860901,-1.0,-0.0003581652228522078
dnb_loops\loop_00996.wav,174,0.3760120614198246,1.0,-0.9643721580505371,0.0002669743932235433
dnb_loops\loop_00997.wav,174,0.4309317824916822,1.0,-0.968788743019104,0.0003999126109375609
dnb_loops\loop_00998.wav,174,0.3069519453887439,0.927057147026062,-1.0,0.001864101126690367
dnb_loops\loop_00999.wav,174,0.23796588095249446,0.8704609870910645,-1.0,-0.0011246147680079592
